The information of the kinases in MTDNN model.,,,,,,
UniProt ID,Name,Classification,Organism,Synonyms,Accessions,
Q9HAZ1,hCLK4,CMGC,Homo sapiens ,"2.7.1.37, CDC-like kinase4, Dual specificity protein kinase CLK4 , EC 2.7.12.1, Protein serine threonine kinase Clk4 ","NP_065717_1, Q9HAZ1",
P49760,hCLK2,CMGC,Homo sapiens ,"CDC-like kinase 2, Dual specificity protein kinase CLK2, EC 2.7.1.37 , RP11-263K19.13-001, RP11-263K19.13-002, RP11-263K19.13-003, clk2, hclk2 ","NP_003984, SK091, P49760, Q4VX13, Q4VX14, Q4VX15",
P36894,hBMPR1A,TKL,Homo sapiens ,"ACVRLK3, ALK3, Activin A receptor , Activinreceptor-like kinase 3, CD292, CD292 antigen, SKR5, Serine/threonine-protein kinase receptor R5","NP_004320, SK027, P36894",
Q59H18,hTNNI3K,TKL,Homo sapiens ,"CARK, Cardiac ankyrin repeat kinase ","NP_057062_1, HH498_1, TNI3K_HUMAN_1",
P80192,hMAP3K9,TKL,Homo sapiens ,"MLK1, Mixed lineage kinase 1 , PRKE1","NP_149132, SK232, P80192",
Q9UQ88,hPITSLREb,CMGC,Homo sapiens ,"CDC2L2, CDC2L3, CDK11 , CDK11-p110, CDK11-p46, CDK11-p58, Cell division cycle 2-like 3 , Galactosyl transferase associated protein kinase , PITSLRE, PITSLRE B , PITSLRE proteins , RP1-283E3.2-008, p58GTA","NP_076916, NP_277069, NP_277070, NP_277071, NP_277073, NP_277074, Q9UQ88, Q4VBY6, Q5QPR3, Q5QPR4, Q96CA8",
Q9Y4K4,hMAP4K5,STE,Homo sapiens ,"GCKR, KHS, KHS1, Kinase homologous to SPS1/STE20 , MAPK/ERK kinase kinase kinase 5 , MAPKKKK5 , MEK kinase kinase 5 , MEKKK 5 ","NP_006566, NP_942089, SK191, Q9Y4K4",
O00506,hSTK25,STE,Homo sapiens ,"SOK1, Ste20 like kinase , Ste20/oxidant stress response kinase 1 , Sterile 20/oxidant stress response kinase1 , YSK1, Yeast SPS1/STE20 related kinase1 ","NP_006365, SK395, O00506, Q5BJF1, Q96BA2",
Q14164,hIKBKE,Other,Homo sapiens ,"  RP11-534L20.1-001 , IKK related kinase epsilon , IKK-i, IKKE, IKKI , Inducible IkappaB kinase , Inhibitor of kappa light polypeptide gene enhancer in B cells , KIAA0151, Kinase epsilon ","NP_054721, SK193, Q14164, Q5JTS6",
P27361,hERK1,CMGC,Homo sapiens ," p44erk1, EC 2.7.11.24, ERK1, ERT2, Extracellular signal regulated kinase 1 , Insulin stimulated MAP2 kinase , Microtubule associated protein 2 kinase , PRKM3, Protein kinase, mitogen activated, 3, p44mapk",P27361,
Q96RR4,hCAMKK2,Other,Homo sapiens ,"CAMKK, CAMKK beta protein , CAMKKB, CaM-KK beta , CaM-kinase kinase beta , Calcium/calmodulin-dependent protein kinase beta , KIAA0787, MGC15254","NP_006540_1, NP_705719_1, NP_757363_1, NP_757380_1, Q96RR4",
Q9H1R3,hMYLK2,CAMK,Homo sapiens ,"KMLC, MLCK, MLCK, skeletal/cardiac, MLCK2 , Myosin light polypeptide kinase, skeletal/cardiac","NP_149109, SK675, Q9H1R3, Q569L1",
P26618,mPDGFRa,TK,Mus musculus ,PDGFRA,P26618,
P15056,hBRAF,TKL,Homo sapiens ,"BRAF1 , Oncogene BRAF , RAFB1 , Rmil , v-RAF murine sarcoma viral oncogene homolog B1 ","NP_004324, SK050, P15056, Q3MIN6, Q5IBP5",
Q9UKE5,hTNIK,STE,Homo sapiens ,"AD 2 , KIAA0551","NP_055843, SK438, Q9UKE5",
Q13470,hTNK1,TK,Homo sapiens ,CD38 negative kinase ,"SK375, Q13470",
Q13627,hDYRK1A,CMGC,Homo sapiens ,"DYRK, DYRK1, Dual specificity YAK1-related kinase , HP86 , MNB , MNB/DYRK protein kinase , MNBH, MNBH , Minibrain (Drosophila) homolog , Mnb protein kinase homolog hp86 , Protein kinase minibrain homolog ","NP_001387, NP_567824, NP_569120, NP_569121, NP_569122, SK234, Q13627",
P42679,hMATK,TK,Homo sapiens ,"CHK , CSK-type protein tyrosine kinase , CTK, DKFZp434N1212 , HHYLTK , HYL , HYL tyrosine kinase , HYLTK, Hematopoietic consensus tyrosine-lacking kinase , Hydroxyaryl protein kinase , Leukocyte carboxyl-terminal src kinase related gene , Lsk , MGC1708 , MGC2101 , Megakaryoctye-associated tyrosine kinase , Protein kinase HYL , Tyrosine kinase MATK , Tyrosine protein kinase CTK , Tyrosylprotein kinase ","NP_002369, NP_647611, NP_647612, SK418, P42679, Q9NST8",
P11799,gMYLK,CAMK,Gallus gallus ,,P11799,
P57059,hSNF1LK,CAMK,Homo sapiens ,"FLJ00263, SIK, Serine/threonine-protein kinase SNF1LK, msk","NP_775490, SK604, P57059, Q6ZNL8",
O14733,hMKK7,STE,Homo sapiens ,"Dual specificity mitogen-activated protein kinase kinase 7 , JNK activating kinase 2 , Jnkk2, MAP kinase kinase 7 , MAPKK7 , MKK7, Mitogen activated protein kinase kinase 7 , PRKMK7, c-Jun N-terminal kinase kinase 2 ","NP_660186, SK320, O14733",
Q96L34,hMARK4,CAMK,Homo sapiens ,"KIAA1860, MAP/microtubule affinity regulating kinase like 1 , MARKL1","NP_113605, Q96L34",
Q9H3Y6,hSRMS,TK,Homo sapiens ,"C20orf148, Chromosome 20 open reading frame 148 , SRM, Tyrosine-protein kinase Srms , dJ697K14.1","NP_543013, SK425, Q9H3Y6",
Q9Y616,hIRAK3,TKL,Homo sapiens ,"IRAK-M, Interleukin 1 receptor associated kinase M ","NP_009130, SK181, Q9Y616",
Q9BYT3,hSTK33,CAMK,Homo sapiens ,,"NP_112168, Q8NEF5, Q9BYT3",
P50613,hCDK7,CMGC,Homo sapiens ,"39 KDa protein kinase , CAK1, CDKN7, Cdk activating kinase , Cell division protein kinase 7 , EC 2.7.11.23, Kinase subunit of CAK , STK1 , Serine/threonine kinase stk1 , Serine/threonine protein kinase 1 , Serine/threonine protein kinase MO15 , TFIIH basal transcription factor complex kinase subunit , p39MO15 ","NP_001790, SK055, P50613",
O15530,hPDPK1,AGC,Homo sapiens ,"EC 2.7.11.1, MGC20087 , MGC35290 , PDK1, PRO0461 , PkB kinase, PkB kinase like gene 1 , PkB-like , PkB-like1 , Protein kinase , hPDK1","NP_002604, SK276, O15530, Q59EH6, Q6FI20, Q9UPJ8, XP_496112",
O95747,hOXSR1,STE,Homo sapiens ,"KIAA1101, OSR1, Oxidative stress-responsive 1 protein","NP_005100, SK428, O95747, Q3LR53",
Q13882,hPTK6,TK,Homo sapiens ,"BRK, Breast tumor kinase , Tyrosine protein kinase brk ","NP_005966, SK051, Q13882, Q58F01",
Q13554,hCAMK2B,CAMK,Homo sapiens ,"CAM2 , CAMK2 , CAMKB, CaM kinase II beta chain , CaMK II beta subunit , Calcium/calmodulin dependent protein kinase II beta , Calcium/calmodulin dependent protein kinase type II beta chain , EC 2.7.11.17, MGC29528 , Proline rich calmodulin dependent protein kinase ","NP_001211, NP_742075, NP_742076, NP_742077, NP_742078, NP_742079, NP_742080, NP_742081, SK058, Q13554, Q53H78",
Q9WUI1,mMAPK11,CMGC,Mus musculus ,,Q9WUI1,
P22694,hPKAb,AGC,Homo sapiens ,"EC 2.7.11.11, MGC41879 , MGC9320 , PKA C-beta , cAMP dependent protein kinase, beta catalytic subunit","NP_002722, NP_891993, SK301, P22694, Q59GC0, Q5T1K3, Q7Z3M1",
P00516,bPRKG1,AGC,Bos taurus ,,"P00516, P21136",
O94804,hSTK10,STE,Homo sapiens ,"LOK, Lymphocyte oriented kinase , PRO2729","SK426, O94804",
O14757,hChk1,CAMK,Homo sapiens ,"CHK1, CHK1 checkpoint homolog , CHK1homolog , EC 2.7.11.1, Serine/threonine-protein kinase CHK1 , p56Chk1 ","NP_001265, SK078, O14757",
O75385,hULK1,Other,Homo sapiens ,"ATG1, KIAA0722, UNC51 , Unc-51-like kinase1, Unc51.1 ","NP_003556, SK387, O75385, Q9UQ28",
P04409,bPKCa,AGC,Bos taurus ,PRKCA,P04409,
P52333,hJAK3,TK,Homo sapiens ,"JAK3, JAKL , Janus kinase 3, L-JAK, Leukocyte janus kinase , Tyrosine protein kinase JAK3 ","NP_000206, P52333",
P70618,rp38a,CMGC,Rattus norvegicus ,,P70618,
P05771,hPKCb1,AGC,Homo sapiens ,"EC 2.7.11.13, MGC41878 , PKC beta , PKC-B , PKCB, PRKCB, PRKCB1, PRKCB2, Protein kinase C, beta 1 polypeptide","NP_002729, NP_997700, SK304, P05771",
O75914,hPAK3,STE,Homo sapiens ,"MRX30, MRX47, OPHN3, Oligophrenin-3, bPAK, hPAK3, p21-activated kinase 3","NP_002569, SK269, O75914",
P35916,hVEGFR3,TK,Homo sapiens ,"FLT4, FMS related tyrosine kinase 4 , PCL, Tyrosine protein kinase receptor FLT4 , VEGFR3","SK151, P35916",
P49840,hGSK3a,CMGC,Homo sapiens ,"GSK-3 alpha, GSK3A","NP_063937, SK162, P49840, Q68D16",
Q92918,hMAP4K1,STE,Homo sapiens ,"HPK1, Hematopoietic progenitor kinase 1 , MAPK/ERK kinase kinase kinase 1, MEK kinase kinase 1, MEKKK 1","NP_009112, SK170, Q92918",
P48730,hCSNK1D,CK1,Homo sapiens ,"CKI delta , CKID , Casein kinase 1 delta isoform 1 , HCKID","NP_001884, NP_620693, SK083, P48730",
Q9H2X6,hHIPK2,CMGC,Homo sapiens ,hHIPk2,"SK495, Q9H2X6",
Q8NFD2,hANKK1,TKL,Homo sapiens ,"PKK2 , Protein kinase PKK2 , SgK288, X-kinase","NP_848605, SK658, Q8NFD2",
P42681,hTXK,TK,Homo sapiens ,"BTKL, PSCTK5, PTK4, PTK4 protein tyrosine kinase , PTK4 protein tyrosine kinase 4 , RLK, Resting lymphocyte kinase , TKL, TXK tyrosine kinase ","NP_003319, SK384, P42681",
P08631,hHCK,TK,Homo sapiens ,"EC 2.7.10.2, Hemopoietic cell kinase , JTK9, Tyrosine protein kinase HCK , p59 HCK , p60 HCK ","NP_002101, SK164, P08631, Q504R5",
P53350,hPLK1,Other,Homo sapiens ,"PLK, Polo-like kinase1, STPK13 , Serine threonine protein kinase 13 ","NP_005021, P53350",
P53779,hJNK3,CMGC,Homo sapiens ," p493F12, C-JUN kinase 3 , FLJ12099 , JNK3, JNK3 alpha protein kinase , JNK3A , MAP kinase , MAP kinase 10 , MAP kinase p49 3F12 , MAPK10, MGC50974 , PRKM10, SAPKbeta , Stress activated protein kinase JNK3 , Stress activated protein kinase beta , c-Jun N-terminal kinase 3 , c-Jun kinase 3 , p54bSAPK","NP_002744, NP_620446, NP_620448, SK190, P53779, Q49AP1",
Q64725,rSYK,TK,Rattus norvegicus ,,Q64725,
Q6DT37,hCDC42BPG,AGC,Homo sapiens ,"CDC42-binding protein kinase gamma, DMPK-like, DMPK-like gamma, DMPK2, HSMDPKIN, MRCKgamma, Myotonic dystrophy kinase-relatedCDC42-binding kinase gamma, Myotonic dystrophy protein kinase like protein , Myotonic dystrophy protein kinase-likealpha, kappa-200","NP_059995, SK112, Q6DT37",
P36896,hALK4,TKL,Homo sapiens ,"ACVR1B, ACVRLK4, ALK4, Activin A receptor, type 2 like kinase 4, SKR2","NP_004293, SK028, P36896",
Q9BXA7,hTSSK1,CAMK,Homo sapiens ,"FKSG81, SPOGA4, STK22D, Serine/threonine kinase FKSG81 , Spermiogenesis associated 4 , Spermiogenesis associated serine/threonine kinase 22D , TSK-1","NP_114417, SK705, Q9BXA7",
Q9JI10,mSTK3,STE,Mus musculus ,,Q9JI10,
Q92772,hCDKL2,CMGC,Homo sapiens ,"CDC2 related kinase , EC 2.7.11.22, KKIAMRE, P56, Serine/threonine protein kinase KKIAMRE , p56 KKIAMRE protein kinase ","NP_003939, SK202, Q92772",
Q06187,hBTK,TK,Homo sapiens ," IMD1, AGMX1, ATK, Agammaglobulinemia tyrosine kinase , B cell progenitor kinase, B-cell progenitor kinase , BPK , Bruton agammaglobulinemia tyrosine kinase , PSCTK1, Tyrosine-protein kinase BTK , XLA","NP_000052, SK052, Q06187, Q32ML5",
Q9NR20,hDYRK4,CMGC,Homo sapiens ,,"NP_003836, SK116, Q9NR20",
Q9Y6E0,hSTK24,STE,Homo sapiens ,"EC 2.7.11.1, MST-3, MST3, MST3B, Mammalian STE20 like protein kinase 3 , RP11-111L24.5 , STE20 homolog, yeast, STE20 like kinase 3 , STE20 like kinase MST3 , STK3, sterile 20 like kinase 3 ","NP_001027467, NP_003567, SK246, Q9Y6E0, Q5T5B3, Q5U0E6, Q6P0Y1",
P16234,hPDGFRa,TK,Homo sapiens ,"CD140a, CD140a antigen, DKFZp586K0717, FIP1-like 1, FIP1L1, Factor interacting with PAP, PDGF-R-alpha, PDGFR2, PDGFRA, RHE, Rearranged in hypereosinophilia , hFip1","NP_006197, SK274, P16234, Q7Z608",
Q96SB4,hSRPK1,CMGC,Homo sapiens ,"SFRSK1, SFRSprotein kinase 1, SR protein kinase 1 , SR-protein-specific kinase 1, Serine/arginine-rich protein-specific kinase 1","NP_003128, SRPK1",
P05480,mSRC,TK,Mus musculus ,,P05480,
Q8TDX7,hNEK7,Other,Homo sapiens ,NimA-relatedprotein kinase 7,"NP_598001, SK421, Q8TDX7",
O75676,hMSK2,AGC,Homo sapiens ,"90 kDa ribosomal protein S6kinase 4, MSK2, Nuclear mitogen and stress activated protein kinase-2 , RPS6KA4, RSK-B, Ribosomal protein S6 kinase alpha-4, Ribosomal protein kinase B ","NP_001006945, NP_003933, SK243, O75676, Q53ES8, Q86VU2",
Q8TD08,hERK7,CMGC,Homo sapiens ,"ERK7, ERK8, Extracellularsignal-regulated kinase 8",Q8TD08,
Q13043,hSTK4,STE,Homo sapiens ,"KRS2, Kinase responsive to stress 2 , MST1, Mammalian STE20 like protein kinase 1 , Mammalian sterile 20 like1 , Serine/threonine protein kinase Krs2 , YSK3","NP_006273, SK244, Q13043, Q59FZ4, Q5H982, Q6PD60, Q9BR32",
Q15831,hSTK11,CAMK,Homo sapiens ,"LKB1, NY-REN-19 antigen, PJS, Serine/Threonine protein kinase 11 , Serine/threonine-protein kinase LKB1","NP_000446, SK208, Q15831, Q9HBS3",
Q13131,hPRKAA1,CAMK,Homo sapiens ,"5` -AMP-activated protein kinase, catalytic alpha-1 chain, AMP -activate kinase alpha 1 subunit , AMP-activated protein kinase, catalytic, alpha-1, AMPK1 , AMPKa1, MGC33776 , MGC57364 ","NP_996790, Q86VS1",
P19525,hEIF2AK2,Other,Homo sapiens ,"EIF2AK1, Hypothetical protein PRKR , Interferon induced, double stranded RNA activated protein kinase, Interferon inducible RNA dependent protein kinase , P1/eIF-2A protein kinase , PKR, PRKR, Protein kinase RNA-activated, p68 kinase ","NP_002750, SK119, P19525, Q52M43",
O14920,hIKBKB,Other,Homo sapiens ," IKKB, I-kappa-B kinase 2 , I-kappa-B kinase beta , IKK-B , IKK-beta, IKK2, Inhibitor of kappa light chain gene enhancer in B cells, kinase of, beta, Inhibitor of nuclear factor kappa B kinase beta subunit , NFKBIKB, Nuclear factor NF-kappa-B inhibitor kinase beta , Nuclear factor of kappa light chain gene enhancer in B cells inhibitor, kinase of, beta","NP_001547, SK176, O14920, Q32ND9",
Q96PY6,hNEK1,Other,Homo sapiens ,"KIAA1901, NY-REN-55, NY-REN-55 antigen, Never in mitosis gene A related kinase 1 , NimA related kinase 1 , NimA related protein kinase 1 , Serine/threonine protein kinase Nek1 ","NP_036356, SK250, Q96PY6",
Q8MMZ8,eimPKG,AGC,Eimeria tenella ,,Q8MMZ8,
P51817,hPRKX,AGC,Homo sapiens ,"PKX1, Protein kinase Pkx1 ","NP_005035, SK313, P51817",
Q9UHD2,hTBK1,Other,Homo sapiens ,"NAK, NF kB activating kinase NAK , NF kappa B activating kinase , T2K, TANK binding kinase 1 ","NP_037386, SK531, Q8IYV3, Q9UHD2",
Q13237,hPRKG2,AGC,Homo sapiens ,"CGK 2, PRKGR2, TypeII cGMP-dependent protein kinase, cGKII","NP_006250, SK075, Q13237",
P22455,hFGFR4,TK,Homo sapiens ,"CD334, CD334 antigen, Hydroxyaryl-protein kinase , Hypothetical protein MGC20292 , JTK2, Protein-tyrosine kinase , TKF , Tyrosine kinase related tTyrosine kinase related to fibroblast growth factor receptor , Tyrosylprotein kinase , sFGFR4","NP_002002, NP_075252, NP_998812, SK147, P22455, Q59F30, Q71TW8, Q8TDA0, Q96KE5",
Q02750,hMEK1,STE,Homo sapiens ,"Dual specificity mitogen activated protein kinase kinase 1 , ERK activator kinase 1 , MAP kinase kinase 1 , MAPK/ERK kinase 1 , MAPKK1, MEK1, MKK1 , Mitogen activated protein kinase kinase 1 , PRKMK1","NP_002746, SK217, Q02750",
Q8N5S9,hCAMKK1,Other,Homo sapiens ,"CAMKKA, CaM kinase IV kinase , CaM kinase kinase alpha , CaMKK alpha , DKFZp761M0423, EC 2.7.11.17, MGC34095","NP_115670, NP_757343, Q8N5S9",
Q9UPE1,hMSSK1,CMGC,Homo sapiens ,"MSSK1, Muscle specific serine kinase 1 , Muscle-specific serine kinase 1, SRPK3, STK23","NP_055185, SK507",
P05131,bPKAb,AGC,Bos taurus ,,P05131,
P36888,hFLT3,TK,Homo sapiens ,"CD135, FLK2, STK1, Stem cell tyrosine kinase 1 , Tyrosine-protein kinasereceptor FLT3","NP_004110, SK149, P36888",
P20786,rPDGFRa,TK,Rattus norvegicus ,PDGFRA,P20786,
Q9H4B4,hPLK3,Other,Homo sapiens ,"CNK, FGF-inducible kinase , FNK, PRK, Proliferation related kinase ",Q59ED6,
P04629,hNTRK1,TK,Homo sapiens ,"High affinity nerve growth factor receptor , MTC, Neurotrophic tyrosine kinase, receptor type 1, TRK, TRK1 transforming tyrosine kinase protein , TRKA, Tyrosine kinase receptor , p140-TrkA ","NP_001007793, NP_001012331, NP_002520, SK377, P04629, Q15655, Q5D056, Q5VZS2",
O43283,hMAP3K13,TKL,Homo sapiens ,"LZK, Leucine zipper bearing kinase , Mixed lineage kinase","NP_004712, SK398, O43283",
Q9UPZ9,hICK,CMGC,Homo sapiens ,"Intestinal cell (MAK-like) kinase , KIAA0936, LCK2, Laryngeal cancer kinase 2 , MAK-related kinase, MGC46090, MRK, Serine/threonine kinase ICK ","NP_055735, NP_057597, SK497, Q9UPZ9",
Q8IVH8,hMAP4K3,STE,Homo sapiens ,"GLK, Germinal center kinase like kinase , Germinal center kinase related protein kinase , MAPK/ERK kinase kinase kinase 3, MAPKKKK3 , MEK kinase kinase 3, MEKKK 3, Mitogen activated protein kinase kinase kinase kinase 3 , RAB8 interacting protein like 1 , RAB8IPL1, RAB8IPL1 ","NP_003609, SK427, Q8IVH8, Q6IQ39",
P30530,hAXL,TK,Homo sapiens ,"AXL receptor tyrosine kinase isoform 1 , AXL transforming gene , Oncogene AXL , Tyrosine protein kinase receptor UFO , UFO","NP_001690, NP_068713, SK044, P30530",
Q13555,hCAMK2G,CAMK,Homo sapiens ,"CAMK2 , CAMKG, CaM kinase 2 , Cam-Kinase 2 Gamma Chain , EC 2.7.11.17, RP11-574K11.6-001, RP11-574K11.6-002, RP11-574K11.6-004","NP_001213, NP_751909, NP_751910, NP_751911, NP_751912, NP_751913, SK060, Q13555, Q5SQZ3, Q5SWX3, Q5SWX4",
P33981,hMPS1,Other,Homo sapiens ,"ESK , ESK, homolog of mouse, MPS1L1, Monopolar spindle 1-like 1 , PYT , Phosphotyrosin-picked threonine kinase ","NP_003309, SK383, P33981, Q5TCS0, Q9BW51",
Q86Z02,hHIPK1,CMGC,Homo sapiens ,"Homeodomain interacting protein kinase 1-like protein , KIAA0630, MGC26642, MGC33446, MGC33548, Myak, Nbak2, RP4-786G8.2-001, RP4-786G8.2-002, RP4-786G8.2-004","NP_689909, NP_938009, Q86Z02, Q5SQL3, Q5SQL4, Q5SQL5",
Q9BWU1,hCDC2L6,CMGC,Homo sapiens ,"CDK11, Cyclin dependent kinase (CDC2 like) 11 , Death preventing kinase , KIAA1028, bA346C16.3","NP_055891, SK443, Q9BWU1",
O14578,hCIT,AGC,Homo sapiens ,"CRIK, Citron rho-interacting kinase , KIAA0949, Rho-interacting serine/threonine kinase , STK21, Serine/threonine protein kinase 21 ","NP_009105, SK695, O14578",
P11802,hCDK4,CMGC,Homo sapiens ,"Cyclin-dependent kinase4, PSK-J3","NP_000066, SK069, P11802, Q6FG61",
P07949,hRET,TK,Homo sapiens ," RET51, CDHF12, HSCR1, Hydroxyaryl protein kinase , MEN2A, MEN2B, MTC1, PTC, RET transforming sequence , c-Ret , urf-ret","NP_065681, NP_066124, SK326, P07949, Q15850",
Q9WUD9,rSRC,TK,Rattus norvegicus ,,Q9WUD9,
Q9C098,hDCAMKL3,CAMK,Homo sapiens ,"Doublecortin-like and CAM kinase-like 3, KIAA1765","XP_047355, SK459, Q9C098",
P21802,hFGFR2,TK,Homo sapiens ,"BEK, BEK fibroblast growth factor receptor , Bacteria expressed kinase , CD332, CEK3, CFD1, ECT1, FGF receptor , FGFR2 AT-I, Fibroblast growth factor receptor BEK , Hydroxyaryl protein kinase , JWS, K sam protein , K-SAM, KGFR, KSAM 1 , Keratinocyte growth factor receptor , Protein tyrosine kinase receptor like 14 , TK14, TK25, Transmembrane protein tyrosine kinase , Tyrosylprotein kinase ","NP_000132, NP_075258, NP_075259, NP_075261, NP_075262, NP_075263, NP_075264, NP_075417, NP_075418, SK144, P21802, Q86YI4, Q8IXC7",
P09215,rPKCd,AGC,Rattus norvegicus ,PRKCD,P09215,
Q96NX5,hCAMK1G,CAMK,Homo sapiens ,"CLICK III, CaM kinase I gamma, CaM kinase IG, CaMK-like CREB kinase III, CaMKI gamma, CaMKI-gamma, CaMKIG, VWS1","NP_065172, SK021, Q96NX5",
P63086,rERK2,CMGC,Rattus norvegicus ,,P63086,
Q5S007,hLRRK2,TKL,Homo sapiens ,"DKFZp434H2111, Dardarin , FLJ45829, PARK8, ROCO2","XP_058513, Q5S007",
O60674,hJAK2,TK,Homo sapiens ,"JAK2, Janus kinase 2, Tyrosine protein kinase 2","NP_004963, SK186, O60674, Q506Q0_HUMAN, Q8IXP2_HUMAN",
Q00537,hPCTK2,CMGC,Homo sapiens ,"PCTAIRE-motif protein kinase 2, PCTAIRE2 , Protein kinase cdc2-related PCTAIRE-2 , Serine/threonine-protein kinase PCTAIRE-2 ","NP_002586, Q00537",
Q8IW41,hMAPKAPK5,CAMK,Homo sapiens ,"EC 2.7.11.1, MAP kinase-activated protein kinase 5 , MAPK-activated protein kinase 5 , MAPKAP kinase 5 , PRAK, mitogen-activated protein kinase-activated protein kinase 5, p38 regulated/activated kinase , p38-regulated/activated protein kinase ","NP_003659, NP_620777, Q8IW41",
Q16620,hNTRK2,TK,Homo sapiens ,"BDNF/NT 3 growth factors receptor , GP145-TrkB , Neurotrophic tyrosine kinase, receptor, type 2"", RP11-263K15.1-001, RP11-263K15.1-004, TRKB, TrkB tyrosine kinase , Tyrosine kinase receptor B ","NP_001018074, NP_006171, SK378, Q16620, Q5VVP4, Q8WXJ7",
P49759,hCLK1,CMGC,Homo sapiens ,"CDC-like kinase 1 , CDC28/CDC2 like kinase , CLK , CLK/STY , EC 2.7.1.37 , Protein tyrosine kinase STY , STY ","SK090, P49759",
P06493,hCDK1,CMGC,Homo sapiens ,"CDK1 , Cdc2 kinase , Cell cycle controller CDC2 , Cell division control protein 2 homolog , Cell division cycle 2 protein isoform 1 , Cell division cycle 2, G1 to S and, Cyclin dependent kinase 1 , EC 2.7.11.22, EC 2.7.11.23, p34 protein kinase , p34(CDC2) ","NP_001777, SK065, P06493",
P16591,hFER,TK,Homo sapiens ,"EC 2.7.10.2, FPS/FES related tyrosine kinase , Protein tyrosine kinase 3 , Proto oncogene tyrosine protein kinase FER , TYK3, c-FER , p94-FER ","NP_005237, SK140, P16591",
P23443,hRPS6KB1,AGC,Homo sapiens ,"70 kDa ribosomal protein S6 kinase 1), Ribosomal Protein S6 Kinase , Ribosomal protein S6 kinase 70kDa polypeptide 1 , S6K , S6K1 , STK14A, Serine/Threonine Kinase 14 Alpha , p70 S6kinase alpha, p70(S6K)-alpha, p70-S6K , p70-alpha","NP_003152, SK2656, P23443, Q7Z721",
Q9H422,hHIPK3,CMGC,Homo sapiens ,"ANPK, Androgen receptor-interacting nuclear protein kinase, DYRK6, FIST, Fas-interacting serine/threonine-protein kinase, Homolog ofprotein kinase YAK1, PKY, YAK1","NP_005725, SK314, Q9H422",
P49674,hCSNK1E,CK1,Homo sapiens ,"CKI-epsilon , CKIe , HCKIE, MGC10398 ","NP_001885, NP_689407, SK084, P49674, Q53EZ1, Q5U045",
P27037,hACVR2A,TKL,Homo sapiens ,"ACTRII, ACVR2, ActRIIA , Activin receptortype IIA","NP_001607, SK010, P27037, Q53TH4, Q6NWV2",
Q9UIK4,hDAPK2,CAMK,Homo sapiens ,"DAP kinase 2 , DAP-kinase related protein 1 , DRP-1","NP_055141, SK104, Q9UIK4",
Q16513,hPKN2,AGC,Homo sapiens ," Pak-2, MGC71074 , PRK2, PRKCL2, PRO2042 , Protein kinase C related kinase 2 , Protein kinase N2 ","NP_006247, SK318, Q16513",
Q02779,hMAP3K10,TKL,Homo sapiens ,"MLK2, MST, Mixed lineage kinase 2, Protein kinase MST","NP_002437, SK233, Q02779",
P78368,hCSNK1G2,CK1,Homo sapiens ,"CK1g2, CKI-gamma 2","SK086, P78368",
Q13546,hRIPK1,TKL,Homo sapiens ,"Cell death protein RIP, FLJ39204 , RIP, Receptor TNFRSF-interacting serine threonine kinase 1 , Receptor-interacting protein, Serine/threonine-protein kinase RIP","NP_003795, SK328, Q13546",
O43293,hDAPK3,CAMK,Homo sapiens ,"DAP kinase 3 , DAP like kinase , Dlk , ZIP, ZIP kinase , ZIPK ","NP_001339, SK716, O43293",
XP_341554.1,rPKCt,AGC,Rattus norvegicus ,PRKCQ,XP_341554.1,
Q9UQM7,hCAMK2A,CAMK,Homo sapiens ,"CAMKA, CaM kinase II alpha subunit , CaM-kinase II alpha chain , Calcium/calmodulin dependent protein kinase type II alpha , Calcium/calmodulin-dependent protein kinase II alpha-B subunit , KIAA0968, KIAA0968 protein ","NP_057065, NP_741960, SK057, Q9UQM7, Q7LDD5, Q9Y2H4",
P41743,hPKCi,AGC,Homo sapiens ,"Atypicalprotein kinase C-lambda/iota, DXS1179E, PKC iota , PKCI, PRKC-lambda/iota, PRKCI, aPKC-lambda/iota, nPKC-iota ","NP_002731, SK308, P41743",
Q13705,hACVR2B,TKL,Homo sapiens ,"ActR-IIB, Activin receptortype IIB","NP_001097, SK011, Q13705, Q4VAV0, Q59FL1",
Q05655,hPKCd,AGC,Homo sapiens ,"01/05/2001, MGC49908 , PRKCD, nPKC-delta ","NP_006245, NP_997704, Q86XJ6",
Q15139,hPKD1,CAMK,Homo sapiens ,"PKC-mu, PKCM, PKD, PRKCM, PRKD1","NP_002733, SK309, Q15139",
Q8IVW4,hCDKL3,CMGC,Homo sapiens ,"NKIAMRE, Serine threonine protein kinase NKIAMRE ","NP_057592, SK509, Q8IVW4",
Q15303,hHER4,TK,Homo sapiens ,"HER4, Tyrosine kinase-type cell surface receptor HER4, p180erbB4","NP_005226, SK168, Q15303, Q59EW4",
Q16566,hCAMK4,CAMK,Homo sapiens ,"Brain Ca(2+)/calmodulin dependent protein kinase type IV , CAM kinase GR , CAM kinase IV , CaMK GR , Calcium/calmodulin dependent protein kinase type IV catalytic chain ","NP_001735, SK061, Q16566",
P06239,hLCK,TK,Homo sapiens ,"LSK , Lymphocyte specific protein tyrosine kinase , Oncogene LCK , P56-LCK , T-cell specific protein tyrosine kinase ","NP_005347, SK206, P06239, Q7RTZ3",
P54753,hEPHB3,TK,Homo sapiens ,"ETK2, Hek2, Tyro6, Tyrosine-proteinkinase receptor HEK-2","NP_004434, SK129, P54753",
P51451,hBLK,TK,Homo sapiens ,"BLK nonreceptor tyrosine kinase , MGC10442, p55-BLK ","NP_001706, Q96IN1",
O15264,hp38d,CMGC,Homo sapiens ,"MAP kinase p38 delta , Mitogen activated protein kinase 13 , Mitogen-activated protein kinase p38 delta , PRKM13, SAPK4, Stress activated protein kinase 4 , p38d , p38delta","NP_002745, SK344, O15264, Q6FI46",
P63319,rPKCg,AGC,Rattus norvegicus ,PRKCG,P63319,
Q00534,hCDK6,CMGC,Homo sapiens ,"Cell division protein kinase 6 , PLSTIRE, Serine/threonine protein kinase PLSTIRE ","NP_001250, SK071, Q00534",
O76039,hCDKL5,CMGC,Homo sapiens ,"Cyclin-dependent kinase-like 5 , STK9, Serine/threonine-protein kinase 9","NP_003150, SK361, O76039, Q8IYC7",
P08922,hROS1,TK,Homo sapiens ,"MCF3, ROS, RP1-179P9.1-001, RP1-179P9.1-002, c-ros 1 , v-Ros Oncogene ROS ","NP_002935, Q5TDB4, Q5TDB5",
O00141,hSGK,AGC,Homo sapiens ,"RP1-188K17.1-001, RP1-188K17.1-010, RP1-188K17.1-011, SGK1, Serine/threonine protein kinase SGK , Serine/threonine-protein kinase SGK1 , Serum/glucocorticoid-regulated kinase 1 ","NP_005618, SK346, O00141, Q5TCN2, Q5TCN3, Q5TCN4, Q5VY65",
O94768,hSTK17B,CAMK,Homo sapiens ,"DAP kinase related apoptosis-inducing protein kinase 2 , DRAK2","NP_004217, SK487, O94768, Q53QE7_HUMAN_1",
P22612,hPKAg,AGC,Homo sapiens ,"PKA C gamma , RP11-265B8.1-001, cAMP dependent protein kinase, gamma catalytic subunit","NP_002723, P22612, Q5VZ02",
Q15569,hTESK1,TKL,Homo sapiens ,"RP11-331F9.1-001, Testicular protein kinase 1, Testis-specific kinase 1 ","NP_006276, SK368, Q15569, Q8IXZ8",
P21709,hEPHA1,TK,Homo sapiens ,"EPH, EPHT, EPHT1, Eph tyrosine kinase 1 , Ephrin receptor A1 , Ephrin type A receptor 1 , Erythropoietin producing hepatoma amplified sequence ","NP_005223, P21709",
Q9P289,hMST4,STE,Homo sapiens ,"MST4, Mammalian STE20-like protein kinase 4, Mst3 and SOK1 related kinase , STE20 like kinase MST4 , Serine/threonine protein kinase MASK ","NP_057626, Q9P289, Q3ZB77, Q8NBY1",
Q15835,hGRK1,AGC,Homo sapiens ," RK, G protein dependent receptor kinase 1 , GPRK1, RHOK","NP_002920, SK327, Q15835, Q53X14",
Q06418,hTYRO3,TK,Homo sapiens ," Sky,  Tif, BYK , Brt, Dtk, Protein tyrosine kinase 3 , RSE, Tyrosine protein kinase DTK , Tyrosine protein kinase RSE , Tyrosine protein kinase SKY , Tyrosine protein kinase receptor ","NP_006284, SK386, Q06418, Q59FM9, Q8N6J3",
Q9UKI8,hTLK1,Other,Homo sapiens ,"EC 2.7.11.1, KIAA0137, PKU-BETA, Protein kinase ubiquitous beta , Serine threonine protein kinase , Serine threonine protein kinase tousled like 1 , pK90 ","NP_036422, SK373, Q9UKI8, Q53TE4",
Q7KZI7,hMARK2,CAMK,Homo sapiens ,"EC 2.7.11.1, ELKL motif kinase 1 , EMK1, MAP/microtubuleaffinity-regulating kinase 2, MGC99619 , PAR1 , Serine/threonine protein kinase MARK2 ","NP_004945, NP_059672, SK120, Q7KZI7",
Q16644,hMAPKAPK3,CAMK,Homo sapiens ," 3PK, 3pK, MAPKAP kinase 3 , MAPKAP3","NP_004626, SK213, Q16644",
P00533,hEGFR,TK,Homo sapiens ,"ERBB, ERBB1 , Epidermal growth factor receptor, Receptor tyrosine protein kinase ErbB-1 , Species antigen 7 , Truncated epidermal growth factor receptor , mENA , p170 ","NP_005219, SK118, P00533, Q504U8, Q59FL8",
O75116,hROCK2,AGC,Homo sapiens ,"Rho associated coiled coil containing protein kinase 2 , Rho kinase 2, Rho-associated, coiled-coil-containing protein kinase 2"", p164 ROCK-2","NP_004841, SK263, O75116, Q53SJ7",
P34947,hGRK5,AGC,Homo sapiens ,"G protein-coupledreceptor kinase GRK5, GPRK5, RP11-714M16.1-002","NP_005299, SK157, P34947, Q5T5V0",
P07333,hCSF1R,TK,Homo sapiens ,"C-FMS, CD115, CD115 antigen, CSFR, FMS, Fms proto-oncogene, V-FMS McDonough feline sarcoma viral oncogene homolog ","NP_005202, SK094, P07333",
Q00536,hPCTK1,CMGC,Homo sapiens ,"FLJ16665 , PCTAIRE, PCTAIRE-motif protein kinase 1 , PCTAIRE1 , PCTGAIRE , Serine/threonine-protein kinase PCTAIRE-1 ","NP_006192, NP_148978, SK271, Q00536, Q96GA5, Q9BRL4",
P11362,hFGFR1,TK,Homo sapiens ," fms-related tyrosine kinase 2, Pfeiffer syndrome"", BFGFR, Basic fibroblast growth factor receptor 1 , C-FGR , CD331, CD331antigen, CEK, FLG, FLT2, FMS-like tyrosine kinase 2 , Fibroblast growth factor receptor 1 , Fms-related tyrosine kinase 2, Pfeiffer syndrome, Fms-related tyrosine kinase-2 , H2, H3, H4, H5, Heparin-binding growth factor receptor , Hydroxyaryl-protein kinase , KAL2, N-SAM, N-sam tyrosine kinase , Protein-tyrosine kinase , Tyrosylprotein kinase ","NP_000595, NP_056934, NP_075593, NP_075594, SK143, P11362, Q59H40, Q5BJG2",
Q9Y5S2,hCDC42BPB,AGC,Homo sapiens ,"CDC42-bindingprotein kinase beta, DMPK like , DMPK-like beta, KIAA1124, MRCK beta , MRCKB,"", Myotonic dystrophy kinase-related CDC42-bindingkinase beta, Myotonic dystrophy protein kinase-like beta","NP_006026, SK241, Q9Y5S2, Q86XZ8",
Q99640,hPKMYT1,Other,Homo sapiens ,"CDC2 inhibitory kinase, membrane associated and tyrosine/threonine specific, 1, EC 2.7.11.1, MYT1, Membrane associated tyrosine and threonine specific cdc2 inhibitory kinase , Myt1 kinase , Protein kinase, membrane associated tyrosine/threonine 1","NP_004194, NP_872629, SK248, Q99640",
P00517,bPKAa,AGC,Bos taurus ,,P00517,
Q9HC98,hNEK6,Other,Homo sapiens ,"NimA related protein kinase 6 , Protein kinase SID6 1512 , RP11-101K10.6-002, RP11-101K10.6-003, RP11-101K10.6-004, SID6-1512","NP_055212, SK420, Q9HC98, Q5VZ09, Q5VZ16_HUMAN_1, Q6FG86",
Q9Y463,hDYRK1B,CMGC,Homo sapiens ,"MIRK , Minibrain related kinase ","NP_004705, SK114, Q9Y463",
P54762,hEPHB1,TK,Homo sapiens ,"ELK, EPHT2, Hek6, NET, Tyrosine-proteinkinase receptor EPH-2","NP_004432, SK127, P54762",
Q16816,hPHKG1,CAMK,Homo sapiens ,"PHKG, Phosphorylase B kinase gamma catalytic chain, skeletal muscle isoform, Phosphorylase kinase gamma subunit 1 ","NP_006204, SK283, Q16816, Q75LP5",
P09619,hPDGFRb,TK,Homo sapiens ,"CD140b, CD140b antigen, JTK12, PDGF-R-beta, PDGFR, PDGFR1, PDGFRB","NP_002600, SK275, P09619, Q59F04",
P08069,hIGF1R,TK,Homo sapiens ," Insulin-like growth factor 1 receptor alpha chain, CD221, CD221 antigen , IGF1 receptor , IGFIR, Insulin-like growth factor 1 receptor beta chain, JTK13","NP_000866, SK174, P08069",
P15735,hPHKG2,CAMK,Homo sapiens ,"PHK gamma T , PSK-C3 , Phosphorylase kinase, testis/liver, gamma2","NP_000285, SK284, P15735",
Q9UEW8,hSTK39,STE,Homo sapiens ,"DCHT, SPAK, STE20/SPS1-related proline- and alanine-rich kinase , Ste-20 related kinase , serine threonine kinase 39 ","NP_037365, SK432, Q9UEW8, Q53S90",
P06241,hFYN,TK,Homo sapiens ,"FYN oncogene related to SRC, FGR, YES, LK , MGC45350, OKT3-induced calcium influx regulator , RP1-66H14.1-014, SLK, SYN, SYN , c-syn proc-syn protooncogene , proto-oncogene tyrosine-protein kinase fyn , src-like kinase , src/yes-related novel gene , tyrosine kinase p59fyn(T) , Tfyn, T-Fyn","NP_002028, SK153, P06241, Q5R3A7",
Q9NYL2,hZAK,TKL,Homo sapiens ,"Cervical cancer suppressor gene 4 protein , Leucine zipper-and sterile alpha motif-containing kinase, MLK-like mitogen-activated protein triple kinase, MLK-related kinase, MLTK, MRK, Mixed lineage kinase-related kinase, Sterile alpha motif- andleucine zipper-containing kinase AZK, ZAK","NP_057737, NP_598407, SK504, Q9NYL2",
P24941,hCDK2,CMGC,Homo sapiens ,"Cell division kinase 2 , Cyclin-dependent kinase 2 isoform 1 , EC 2.7.11.22, p33 protein kinase , p33(CDK2) ","NP_001789, SK067, P24941",
P41240,hCSK,TK,Homo sapiens ,"Cytoplasmic tyrosine kinase , Protein tyrosine kinase CYL , Protein-tyrosine kinase CYL, Tyrosine protein kinase CSK , c Src kinase ","NP_004374, SK095, P41240, Q6FGZ6",
Q96Q40,hALS2CR7,CMGC,Homo sapiens ,"Amyotrophiclateral sclerosis 2 chromosomal region candidate gene 7 protein, EC 2.7.11.22, Serine/threonine-protein kinase ALS2CR7 ","NP_631897, SK462, Q96Q40, Q8IUP1",
O75716,hSTK16,Other,Homo sapiens ,"MPSK, MPSK1 , Myristoylated and palmitoylated serine threonine kinase , PKL12, Protein kinase PKL12 , TGFB stimulated factor 1 , TSF1 , Transforming growth factor-beta stimulated factor 1 ","NP_001008910, NP_003682, O75716",
Q9P0L2,hMARK1,CAMK,Homo sapiens ,"KIAA1477 protein , MAP/microtubule affinity regulating kinase 1 , MARK","SK215, Q9P0L2",
Q04771,hALK2,TKL,Homo sapiens ," ALK2, ACTR-I , ACVR1, ACVRLK2, ActRIA , Activin A receptor, type II like kinase 2, Activin receptor like kinase 2 , Hydroxyalkyl-protein kinase , R2 , SKR1, Serine-threonine protein kinase receptor R1 , TGF-B superfamily receptor type I , TSR-I ","NP_001096, ALK2_1, ACVR1_HUMAN_1",
Q04912,hMST1R,TK,Homo sapiens ,"CDw136, CDw136 antigen, MSP receptor , MSPreceptor, Macrophage stimulating 1 receptor , Macrophage stimulating protein receptor , Macrophage-stimulating protein receptor alpha chain, Macrophage-stimulatingprotein receptor beta chain, PTK8, RON, Ron protein tyrosine kinase , p185-Ron","NP_002438, SK332, Q04912",
Q8TDC3,hBRSK1,CAMK,Homo sapiens ,"Hypothetical protein KIAA1811 , KIAA1811, Probable serine/threonine-protein kinase KIAA1811 , Protein kinase SAD1A , SAD1 kinase ","NP_115806, SK598, Q8TDC3",
P00523,gSRC,TK,Gallus gallus ,,P00523,
P11309,hPIM1,CAMK,Homo sapiens ,"Oncogene PIM1 , PIM, Proto oncogene serine/threonine protein kinase pim1 , Proviral integration site 1","NP_002639, SK291, P11309, Q5T7H7",
Q9Y2H1,hSTK38L,AGC,Homo sapiens ,"KIAA0965 , NDR2 proteinkinase, Nuclear Dbf2-related kinase 2","NP_055815, SK500, Q9Y2H1",
Q13976,hPRKG1,AGC,Homo sapiens ,"PGK, PRKG1A, PRKG1B, PRKGR1B, RP11-346D6.1-001, RP11-346D6.1-002, cGKI-alpha , cGKI-beta , cGMP-dependent protein kinase 1, beta isozyme","NP_006249, SK073, P14619, Q13976, Q5JSJ6, Q5SQU3",
Q9NZJ5,hPEK,Other,Homo sapiens ,"EIF 2 alpha kinase 3 , EIF2AK3, HsPEK , PEK, PERK , PRKR like endoplasmic reticulum kinase , Pancreatic eIF2 alpha kinase ","NP_004827, SK281, Q9NZJ5, Q68DI6",
P32298,hGRK4,AGC,Homo sapiens ,"G protein coupled receptor kinase 2 like , G protein-coupled receptor kinase 4, G protein-coupledreceptor kinase GRK4, GPRK2L, GPRK4, ITI1","NP_001004056, NP_001004057, NP_892027, SK156, P32298, Q53EQ8",
P0C264,hSgK110,Other,Homo sapiens ,LOC390975,"XP_372749, SK592",
Q6PHR2,hULK3,Other,Homo sapiens ,"DKFZP434C131, FLJ90566, Unc-51-like kinase 3","NP_056333, Q6PHR2, Q9UFS4",
Q9H2K8,hTAOK3,STE,Homo sapiens ,"CutaneousT-cell lymphoma tumor antigen HD-CL-09, DPK, Dendritic cell derived protein kinase , JIK, JNK/SAPK inhibitory kinase , Jun kinase-inhibitory kinase, MAP3K18, STE2 like kinase , STE20 like kinase , Thousand and oneamino acid protein 3",Q9H2K8,
Q9UQB9,hAURc,Other,Homo sapiens ,"AIE2 , AIK3 , AURKC, AurC, Aurora-C , Aurora/IPL1/EG2 protein 2 , Aurora/IPL1/EG2-2 , Aurora/Ipl1-related kinase 3 , EC 2.7.11.1, STK13, Serine/threonine kinase 13 ","NP_001015878, NP_001015879, NP_003151, Q9UQB9, Q5Y191, Q6AZY8, Q6DLZ0",
P14616,hINSRR,TK,Homo sapiens ,"Insulin receptor-related protein beta chain, RP11-107D16.2-001, IR related receptor , IRR, Insulin receptor-related protein alphachain","NP_055030, SK183, P14616, Q5VZS3",
P49187,rJNK3,CMGC,Rattus norvegicus ,MAPK10,P49187,
Q6P3R8,hNEK5,Other,Homo sapiens ,,"XP_292160, Q6P3R8",
P68400,hCSNK2A1,CMGC,Homo sapiens ,"CK II, CK2 catalytic subunit alpha , CK2, alpha 1, CK2A1 , Casein kinase II , Casein kinase II alpha 1 subunit , Casein kinase II alpha subunit , Casein kinase II, alpha chain, EC 2.7.11.1, Protein kinase CK2 ","NP_001886, NP_808227, SK088, P68400, Q5U065, Q5U5J2",
P04626,hHER2,TK,Homo sapiens ," HER-2, C-erb B2 , C-erb B2/neu protein , ErbB-2 isoform a , ErbB2 , HER-2/neu , HER2 , Herstatin , MLN 19, NEU, NEU proto-oncogene, NGL, TKR1 , Tyrosine kinase type cell surface receptor , p185erbB2","NP_001005862, NP_004439, SK166, P04626",
O00444,hPLK4,Other,Homo sapiens ,"EC 2.7.11.21, Polo like kinase 4 , Polo-like kinase4, SAK, Mouse homolog of, STK18, Sak, Serine/threonine protein kinase sak , Serine/threonine-protein kinase 18, Snk akin kinase ",O00444,
P47811,mp38a,CMGC,Mus musculus ,,P47811,
P31749,hAKT1,AGC,Homo sapiens ,"C-AKT , EC 2.7.11.1, MGC99656 , Oncogene AKT1 , PKB, PKB alpha , PRKBA, Protein kinase B , Protein kinase B alpha , RAC, RAC PK alpha , RAC alpha , RAC alpha serine/threonine protein kinase , RAC protein kinase alpha , RAC serine/threonine protein kinase , V-akt murine thymoma viral oncogene homolog 1 ","NP_001014431, NP_001014432, NP_005154, SK018, P31749",
P36507,hMEK2,STE,Homo sapiens ,"ERK activator kinase 2 , MAP kinase/Erk kinase 2 , MAPKK2 MAPK/ERK Kinase 2 , MEK2, MKK2 , Mitogen activated protein kinase kinase 2 , PRKMK2","NP_109587, SK218, P36507",
Q01279,mEGFR,TK,Mus musculus ,,Q01279,
P51617,hIRAK1,TKL,Homo sapiens ,"EC 2.7.11.1, IRAK, IRAK-1, pelle","NP_001560, SK179, P51617",
P50750,hCDK9,CMGC,Homo sapiens ,"C-2k, CDC2L4, Cell division cycle 2-like protein kinase 4, Cyclin-dependent kinase 9, PITALRE, Serine/threonine-protein kinase PITALRE, TAK","NP_001252, P50750",
Q8NEV4,hMYO3A,STE,Homo sapiens ,"DFNB30, RP11-420F12.1-001","NP_059129, SK636, Q8NEV4, Q5VXI3",
Q08881,hITK,TK,Homo sapiens ,"EMT, Homolog of mouse T-cell itk/tsk , Kinase EMT, LYK, PSCTK2, T-cell-specific kinase, Tyrosine-protein kinase ITK/TSK , Tyrosine-protein kinase LYK ","NP_005537, SK184, Q08881, Q32ML7",
O15111,hCHUK,Other,Homo sapiens ,"Conserved helix-loop-helix ubiquitous kinase, I kappa B kinase 1 , I kappa B kinase alpha , IKK-alpha, IKK1, IKKA, IkBKA, NFKBIKA, Nuclear factor NF-kappa-B inhibitor kinase, TCF16","SK175, O15111",
Q92630,hDYRK2,CMGC,Homo sapiens ,"Dual specificity tyrosine-phosphorylation-regulated kinase 2, EC 2.7.1.37 , EC 2.7.12.1","NP_003574, NP_006473, SK115, Q92630, Q9BRB5",
Q9H2G2,hSLK,STE,Homo sapiens ,"CTCL tumor antigen se20-9 , KIAA0204, STE20-like kinase , STK2, Serine/threonine kinase 2 , Ste20-related serine/threonine kinase , se20-9","NP_055535, SK348, O00211_HUMAN_1, Q6P1Z4, Q86WU7, Q86WW1, Q92603, Q9H2G2",
P00519,hABL1,TK,Homo sapiens ,"ABL, Abelson murine leukemia viral v abl oncogene homolog 1 , JTK7, Proto oncogene tyrosine protein kinase ABL1 , c-ABL, p150, v-abl","NP_005148, NP_009297, SK006, P00519, Q45F09, Q59FK4",
P04049,hRAF1,TKL,Homo sapiens ,"CRAF, Oncogene MIL , Oncogene RAF1 , Raf-1, Transforming replication defective murine retrovirus 3611-MSV , c-Raf","NP_002871, SK324, P04049",
Q13557,hCAMK2D,CAMK,Homo sapiens ,"CAMKD, CaM kinase II delta chain , CaM kinase II delta subunit , MGC44911 ","NP_001212, NP_742113, NP_742125, NP_742126, Q59G21, Q8N553",
P30291,hWEE1,Other,Homo sapiens ,"S. pombe , WEE1hu , Wee1 like protein kinase ","NP_003381, SK391, P30291, Q6NSL2",
Q8IYT8,hULK2,Other,Homo sapiens ,"KIAA0623, UNC51.2 , Unc-51-like kinase2","NP_055498, SK388, Q8IYT8",
Q2M2I8,hAAK1,Other,Homo sapiens ,"AP2 associated kinase 1, Adaptor associated kinase 1 , KIAA1048","NP_055726, SK422, Q9BUD9, Q9UPV4",
P05129,hPKCg,AGC,Homo sapiens ,"PKC gamma , PKCC , PKCG, PRKCG, SCA14","NP_002730, SK307, P05129",
P42684,hABL2,TK,Homo sapiens ,"ABL2/ETV6 fusion gene , ABLL, ARG, Abelson murine leukemiaviral oncogene homolog 2, Arg, Abelson-related gene, EC 2.7.10.2, Oncogene ARG , RP11-177A2.3-002, Tyrosine kinase ARG","NP_005149, NP_009298, SK037, P42684, Q5T0X6, Q5W0C5, Q6NZY6, Q7Z301",
P12931,hSRC,TK,Homo sapiens ,"ASV, Avian sarcoma virus protein , EC 2.7.10.2, Proto-oncogene tyrosine-protein kinase SRC , Protooncogene SRC, Rous sarcoma, RP5-823N20.1-006, SRC1, Tyrosine kinase pp60c-src , Tyrosine protein kinase SRC-1 , c-src, p60-Src , pp60c-src , v-src sarcoma (Schmidt-Ruppin A-2) viral oncogene homolog ","NP_005408, NP_938033, SK357, P12931, Q76P87_HUMAN_1",
P29320,hEPHA3,TK,Homo sapiens ,"EPH like tyrosine kinase 1 , ETK, ETK1, Ephrin receptor A3 , HEK4, Human embryo kinase , Receptor tyrosine kinase HEK , TYRO4","NP_005224, SK123, P29320, Q6P4R6",
Q9Y2K2,hQSK,CAMK,Homo sapiens ,"FLJ12240, KIAA0999","NP_079440, SK501, Q9Y2K2",
O96017,hChk2,CAMK,Homo sapiens ,"CDS1, CHK2, Checkpoint kinase 2 , Checkpoint-like protein CHK2 , EC 2.7.11.1, HuCds1, LFS2 , OTTHUMP00000028871 , PP1425, Protein kinase CHK2 , RAD53, RP11-436C9.1 , Serine/threonine-protein kinase CHK2 , bA444G7","NP_001005735, NP_009125, SK079, O96017",
XP_620754.3,mULK3,Other,Mus musculus ,,XP_620754.3,
O96013,hPAK4,STE,Homo sapiens ,"EC 2.7.11.1, Serine/threonine protein kinase PAK 4 , p21-activatedkinase 4","NP_001014831, NP_001014832, NP_001014833, NP_001014834, NP_001014835, NP_005875, SK430, O96013, Q8N4E1, Q8NDE3, Q9ULS8",
P53671,hLIMK2,TKL,Homo sapiens ,,"NP_005560, NP_057952, SK207, P53671, Q9UFU0",
Q8NE63,hHIPK4,CMGC,Homo sapiens ,FLJ32818,"NP_653286, Q8NE63",
P68403,rPKCb1,AGC,Rattus norvegicus ,PRKCB1,P68403,
P54760,hEPHB4,TK,Homo sapiens ,"Ephrin receptor B4 , Ephrin receptor EphB4 , HTK, Hepatoma transmembrane kinase , MYK1 , Tyro11, Tyrosine-proteinkinase receptor HTK","NP_004435, SK130, P54760, Q541P7, Q59F17, Q7Z635, Q96L35",
Q86V86,hPIM3,CAMK,Homo sapiens ,Serine/threonine protein kinase pim-3,"NP_001001852, SK200, Q86V86",
P48729,hCSNK1A1,CK1,Homo sapiens ,"CK1, Casein kinase 1 , EC 2.7.11.1, HLCDGP1 , PRO2975 , Protein kinase CK1 ","NP_001883, SK082, P48729, Q5U047, Q6FGA2, Q71TU5",
P53778,hp38g,CMGC,Homo sapiens ,"ERK6, Extracellular signal regulated kinase 6 , MAP kinase p38gamma, Mitogen-activated protein kinase p38 gamma, PRKM12, SAPK-3, SAPK3, Stress activated protein kinase 3 , p38gamma","NP_002960, SK343, P53778",
Q96GD4,hAURb,Other,Homo sapiens ,"AIM-1, ARK2, AURKB, Aik2, AurB, Aurora B , Aurora and Ipl1 like midbody associated protein 1 , Aurora related kinase 2 , Aurora/IPL1 like kinase 2 , IPL1, STK12, STK5, Serine/threonine protein kinase 12 ","NP_004208, SK406, Q96GD4",
P05132,mPKAa,AGC,Mus musculus ,,P05132,
P06240,mLCK,TK,Mus musculus ,,P06240,
P00520,mABL1,TK,Mus musculus ,,P00520,
Q8N4C8,hMINK1,STE,Homo sapiens ,"B55, EC 2.7.11.1, GCK family kinase MINK , MAP4K6, MAPK/ERK kinase kinase kinase 6 , MEK kinase kinase 6 , MEKKK6 , MGC21111 , MINK, Misshapen/NIK related kinase , Mitogen-activated protein kinase kinase kinase kinase 6 , Serine/threonine protein kinase , YSK2, ZC3, hMINK , hMINKbeta ","NP_001020108, NP_056531, NP_722549, NP_733763, SK439, Q8N4C8, Q5U8Z0",
Q16539,hp38a,CMGC,Homo sapiens ,"CSAID binding protein 1 , CSAID binding protein 2 , CSBP2, CSPB1, Cytokine suppressive antiinflammatory drug binding protein 1 , Cytokine suppressive antiinflammatory drug binding protein 2 , MAP kinase MXI2, MAP kinase p38 alpha, MAX-interacting protein 2, Mitogen-activatedprotein kinase p38 alpha, Mxi2, PRKM14, PRKM15, RK , SAPK2A , Stress activated protein kinase 2A , p38, p38 MAP kinase , p38 alpha ","NP_620581, Q16539",
P29317,hEPHA2,TK,Homo sapiens ,"ECK, Ephrin type A receptor 2 , Epithelial cell kinase, RP11-276H7.1-001, Tyrosine-protein kinase receptor , Tyrosine-proteinkinase receptor ECK","NP_004422, SK122, P29317, Q8N3Z2",
Q9BZL6,hPKD2,CAMK,Homo sapiens ,"DKFZP586E0820, HSPC187, PKD2, ,, PRKD2, Protein kinase C D2 type , nPKC-D2 ","NP_057541, SK480, Q9BZL6, Q8N2H2, Q8NCK8",
Q9NSY1,hBMP2K,Other,Homo sapiens ,"BIKE , BIKe, DKFZp434K0614, DKFZp434P0116 , HRIHFB2017 ","NP_060063, NP_942595, SK704, Q9NSY1, Q4W5H2",
Q8WTQ7,hGRK7,AGC,Homo sapiens ,"GPRK7, Gprotein-coupled receptor kinase GRK7","NP_631948, Q8WTQ7",
Q61851,mFGFR3,TK,Mus musculus ,,Q61851,
Q16659,hERK3,CMGC,Homo sapiens ,"ERK3, Extracellular signal regulated kinase 3 , HsT17250, MAP kinase 6 , PRKM6, p97MAPK","NP_002739, SK136, Q16659, Q68DH4",
P19784,hCSNK2A2,CMGC,Homo sapiens ,"CK II, CK2, alpha 2, CK2A2 , CSNK2A1, Casein kinase 2 alpha prime ","NP_001887, SK089, P19784",
Q8IY84,hNIM1,CAMK,Homo sapiens ,"MGC42105, NIM1","NP_699192, SK449, Q8IY84",
Q8WXR4,hMYO3B,STE,Homo sapiens ,EC 2.7.11.1,"NP_620482, SK583, Q8WXR4",
Q00526,hCDK3,CMGC,Homo sapiens ,"Cell division kinase 3 , cyclin-dependent kinase 3","NP_001249, SK068, Q00526",
Q9UEE5,hSTK17A,CAMK,Homo sapiens ,"DAP kinase related apoptosis inducing protein kinase 1 , DRAK1","NP_004751, SK486, Q9UEE5",
Q9P286,hPAK7,STE,Homo sapiens ,"EC 2.7.11.1, KIAA1264, MGC26232 , PAK5, Protein kinase PAK5 , Serine/threonine protein kinase PAK7 , p21(CDKN1A) activated kinase 7 ","NP_065074, NP_817127, SK510, Q9P286, Q8TB93",
P70336,rROCK2,AGC,Rattus norvegicus ,,Q62868,
P43405,hSYK,TK,Homo sapiens ,"Protein tyrosine kinase SYK , RP11-83L6.1-002, RP11-83L6.1-004, Spleen tyrosine kinase ","NP_003168, SK363, P43405, Q5T6N7, Q5T6N8",
P35968,hVEGFR2,TK,Homo sapiens ,"CD309, FLK1, Kinase insert domain receptor , VEGFR, VEGFR2, Vascular endothelial growth factor receptor 2 ","NP_002244, SK402, P35968, Q59EB0",
P35969,mVGFR1,TK,Mus musculus ,FLT1,P35969,
Q9UBS0,hRPS6KB2,AGC,Homo sapiens ,"70 kDa ribosomal protein S6 kinase 2 , KLS, P70-BETA, Ribosomal protein S6 kinase, 70kDa, polypeptide 2, S6 kinase-related kinase , S6K-beta 2 , S6K2 , SRK , STK14B, Serine/threonine-protein kinase 14 beta , p70 S6Kbeta , p70S6Kb, p70S6Kb ","NP_003943, SK266, Q9UBS0",
P31751,hAKT2,AGC,Homo sapiens ,"Murine thymoma viral (v-akt) homolog 2 , Oncogene AKT2 , PKB beta , PRKBB , Protein kinase Akt 2 , RAC BETA , RAC PK beta , Rac protein kinase beta , V AKT murine thymoma viral oncogene homolog 2 ","NP_001617, SK019, P31751",
P49336,hCDK8,CMGC,Homo sapiens ,"CDK8 protein kinase , Cell division protein kinase 8 , EC 2.7.11.23, K35, Protein kinase K35 , RP11-88J11.1-001","NP_001251, SK072, P49336, Q5VUF3, Q6ISB5",
O00238,hBMPR1B,TKL,Homo sapiens ,"ALK6, Activin receptor like kinase 6 , CDw293, CDw293 antigen","NP_001194, SK030, O00238",
Q99759,hMAP3K3,STE,Homo sapiens ,"EC 2.7.11.25, Hypothetical protein MAP3K3 , MAP/ERK kinase kinase 3 , MAPKKK3, MEK kinase 3 , MEKK3, Mitogen-activated protein kinase kinase kinase 3, Mitogen-activated protein kinase kinase kinase 3, isoform 2","NP_002392, NP_976226, SK223, Q99759, Q5BKZ6, Q8N3I9, Q96HN9",
Q12851,hMAP4K2,STE,Homo sapiens ,"B lymphocyte serine/threonine protein kinase , BL44, GCK, Germinal center kinase , Mitogen activated protein kinase kinase kinase kinase 2 , RAB8IP, Rab8 interacting protein ","NP_004570, Q86VU3",
O60285,hNUAK1,CAMK,Homo sapiens ," NuaK1, AMPK-related proteinkinase 5, ARK5, KIAA0537","NP_055655, SK195, O60285",
Q96RG2,hPASK,CAMK,Homo sapiens ,"KIAA0135, PAS-kinase, PASKIN, STK37","NP_055963, SK499, Q96RG2, Q6GSJ5",
P11440,mCDC2,CMGC,Mus musculus ,,P11440,
Q9HBH9,hMKNK2,CAMK,Homo sapiens ,"GPRK7, MAP kinase signal integrating kinase 2 , MNK2","NP_060042, NP_951009, Q9HBH9, Q6GPI3",
P49137,hMK2,CAMK,Homo sapiens ,"MK2 , RP11-343H5.3-001, RP11-343H5.3-002, Kinase interacting with stathmin","NP_004750, NP_116584, SK212, P49137, Q5SY30, Q5SY41",
P07332,hFES,TK,Homo sapiens ,"(v-fes)/Fujinami avian sarcoma (PRCII) viral (v-fps) oncogene homolog , FPS, Feline sarcoma (Snyder-Theilen) viral homolog , Oncogene FES, feline sarcoma virus","NP_001996, Q6GTU5",
Q9P1W9,hPIM2,CAMK,Homo sapiens ,Pim-2h,"NP_006866, SK292, Q9P1W9",
P27448,hMARK3,CAMK,Homo sapiens ,"CTAK1, Cdc25C associated protein kinase 1 , KP78, PAR1A , Ser/Thr protein kinase PAR 1 , Serine/threonine protein kinase p78 , cTAK1 ",P27448,
P21127,hPITSLREa,CMGC,Homo sapiens ,"CDC related protein kinase p58 , CDC2L1, CDK11 , CDK11-p110, CDK11-p46, CDK11-p58, CLK 1 , Galactosyltransferase associated protein kinase , Galactosyltransferase associated protein kinase p58/GTA , PITSLRE A , PITSLRE B , PITSLRE protein kinase alpha , PITSLRE serine/threonine protein kinase CDC2L1 , PK58 , Protein kinase p58 , p58 , p58/GTA protein kinase , p58CDC2L1 , p58CLK 1 ","NP_001778, NP_277021, NP_277022, NP_277023, NP_277024, NP_277025, NP_277027, NP_277028, SK297, P21127, Q6P5Y5",
Q86UE8,hTLK2,Other,Homo sapiens ,"MGC44450 , PKU alpha , PKU-ALPHA, Protein kinase ubiquitous alpha , Serine/threonine kinase , Tousled like kinase ","NP_006843, SK374, Q86UE8",
Q9NYY3,hPLK2,Other,Homo sapiens ,"Polo-like kinase1, SNK, Serine/threonine protein kinase SNK , Serum-induciblekinase","NP_006613, SK353, Q9NYY3, Q8N7M6",
Q99558,hMAP3K14,STE,Homo sapiens ,"FTDCR1B, HSNIK, NF kappa B inducing kinase , NIK, Serine/threonine protein kinase NIK ","NP_003945, SK253, Q99558, Q8IYN1",
P07948,hLYN,TK,Homo sapiens ,"JTK8, Oncogene LYN","NP_002341, SK210, P07948, Q6NUK7",
Q13177,hPAK2,STE,Homo sapiens ,"PAK65, S6/H4 kinase , Serine/threonine kinase PAK 2 , p21 (CDKN1A) activated kinase 2i , p21 activated kinase 2 , p21 activated kinase 65KD ","NP_002568, Q13177",
Q13153,hPAK1,STE,Homo sapiens ,"Alpha PAK , P65 PAK , PAK , p21 activated kinase 1 , p21/CDC42/RAC1 activated kinase 1 ","NP_002567, Q32M53",
O43353,hRIPK2,TKL,Homo sapiens ,"CARD containing ICE associated kinase , CARD containing interleukin-1 beta converting enzyme associated kinase , CARD3, CARDIAK, RICK, RIP like interacting CLARP kinase , RIP2, Receptor interacting protein 2 ","NP_003812, SK329, O43353",
P09769,hFGR,TK,Homo sapiens ,"Gardner Rasheed feline sarcoma viral oncogene homolog , Oncogene FGR , SRC2, c-fgr, p55c-fgr","NP_005239, SK148, P09769",
P52564,hMKK6,STE,Homo sapiens ,"MAPK/ERK kinase 6 , MAPKK6 , MEK6, MKK6, Mitogen activated protein kinase kinase 6 , PRKMK6, Protein kinase, mitogen-activated, kinase 6 (MAP kinase kinase 6), SAPKK3","NP_002749, SK220, P52564",
P45984,hJNK2,CMGC,Homo sapiens ," """"Jun kinase"""""", C-JUN kinase 2 , JNK-55 , JNK2, JNK2A , JNK2B , JNK2alpha , JNK2beta , MAP kinase 9 , MAPK9, Mitogen activated protein kinase 9 , PRKM9, SAPK1a , Stress-activated protein kinase JNK2 , c-Jun N-terminal kinase 2 , p54aSAPK","NP_002743, NP_620707, Q8N5C5",
Q9NQU5,hPAK6,STE,Homo sapiens ,"PAK5, Serine/threonine protein kinase PAK 6 , p21-activatedkinase 6","NP_064553, SK429, Q9NQU5",
O14965,hAURa,Other,Homo sapiens ,"AIK , ARK1 , AURKA, AurA, Aurora A , Aurora related kinase 1 , Aurora/IPL1 like kinase , BTAK, Breast-tumor-amplified kinase , EC 2.7.11.1, IPL1 related kinase , MGC34538 , STK15, STK6, STK7, Serine/threonine kinase 15 ","NP_003591, NP_940835, NP_940836, NP_940837, NP_940838, NP_940839, SK407, O14965",
P07947,hYES1,TK,Homo sapiens ,"EC 2.7.10.2, HsT441, P61-YES , Yamaguchi sarcoma oncogene , Yes, c-yes, cellular yes-1 protein , proto-oncogene tyrosine-protein kinase YES ","NP_005424, SK393, P07947",
Q9Y2H9,hMAST1,AGC,Homo sapiens ,"EC 2.7.11.1, KIAA0973, SAST, SAST170 , Syntrophin associated serine/threonine-protein kinase ","NP_055790, SK345, Q9Y2H9",
P46734,hMKK3,STE,Homo sapiens ,"Dual specificity mitogen activated protein kinase kinase 3 , MAP kinase kinase 3 , MAPK/ERK kinase 3 , MAPKK3 , MEK3, MKK3, Mitogen activated protein kinase kinase 3 , PRKMK3, Protein kinase, mitogen activated, kinase 3","NP_002747, NP_659731, NP_659732, SK238, P46734, Q6FI23",
Q9H0K1,hSNF1LK2,CAMK,Homo sapiens ,"DKFZp434K1115, KIAA0781, LOH11CR1I, QIK, SIK2, SNF1 like kinase 2 , Salt inducible serine/threonine kinase 2 , Serine/threonine protein kinase SNF1 like kinase 2 ","NP_056006, SK513, Q9H0K1",
P51957,hNEK4,Other,Homo sapiens ,"EC 2.7.11.1, NLK2 , NRK2 , Never in mitosis gene A related kinase 4 , STK2, Serine/threonine kinase 2 , Serine/threonine protein kinase NRK2 , Serine/threonine protein kinase Nek4 ","NP_003148, SK256, P51957, Q6P576",
P35590,hTIE1,TK,Homo sapiens ,"JTK14, TIE, Tyrosine kinase with immunoglobulin and EGF homology domains ","NP_005415, SK370, P35590, Q9HBS4",
Q5VT25,hCDC42BPA,AGC,Homo sapiens ,"CDC42-binding protein kinase alpha, DMPK like, DKFZp686L1738 , DKFZp686P1738 , DMPK-like alpha , EC 2.7.11.1, FLJ23347, KIAA0451, MRCK, MRCK alpha , MRCKA, Myotonic dystrophy kinase-related CDC42-binding protein kinase alpha , PK428, Protein kinase, serine/threonine, related to the myotonic dystrophy protein kinase, Ser-Thr protein kinase related to the myotonic dystrophy protein kinase , Serine/threonine-protein kinase MRCK alpha , ser-thr protein kinase PK428 ","NP_003598, NP_055641, SK299, Q5VT25",
Q9Y243,hAKT3,AGC,Homo sapiens ,"DKFZP434N0250 , PKB gamma , PKBG, PRKBG, Protein kinase Akt3 , Protein kinase B, gamma, RAC gamma serine/threonine protein kinase , RAC-gamma, RACPK gamma , RP11-150L22.2-001, RP11-150L22.2-002, STK-2 , Serine threonine protein kinase, Akt-3","NP_005456, NP_859029, SK020, Q9Y243, Q56A86, Q5VTI1_HUMAN_1, Q5VTI2",
Q9Y6R4,hMAP3K4,STE,Homo sapiens ," KIAA0213, MAP three kinase 1 , MAP/ERK kinase kinase 4 , MAPK/ERK kinase kinase 4 , MAPKKK4, MEKK4, MTK1, PRO0412 , Predicted protein of HQ0412 , SSK2/SSK22 MAP kinase kinase kinase, yeast, homolog of","NP_005913, NP_006715, SK224, Q9Y6R4",
O00311,hCDC7,Other,Homo sapiens ,"CDC7-related kinase, CDC7L1, HsCdc7, Hsk1, huCdc7","NP_003494, SK066, O00311, Q5T5U5",
Q04759,hPKCt,AGC,Homo sapiens ,"PRKCQ, RP11-563J2.1-002, nPKC-theta","NP_006248, SK310, Q04759, Q3MJF1, Q5JUN8",
Q8TDR2,hSTK35,Other,Homo sapiens ,"CLP 36 interacting kinase , Clik1, EC 2.7.11.1, PDLIM1-interacting kinase 1, bA550O8.2","NP_543026, SK493, Q8TDR2",
Q60737,mCSNK2A1,CMGC,Mus musculus ,,Q60737,
P06213,hINSR,TK,Homo sapiens ,"CD220, CD220 antigen , IR ","NP_000199, SK178, P06213, Q59H98",
O94806,hPKD3,CAMK,Homo sapiens ,"EPK2, PKC,nu, PKC-NU , PRKCN, PRKD3, Protein kinase C nutype, Protein kinase EPK2 , nPKC-nu ","NP_005804, SK489, O94806, Q53TR7",
Q99683,hMAP3K5,STE,Homo sapiens ,"ASK1, Apoptosis signal regulating kinase 1 , MAP/ERK kinase kinase 5 , MAPKKK5, MEKK5, Mitogen activated kinase kinase kinase 5 ","NP_005914, SK225, Q99683, Q59GL6",
Q60751,rIGF1R,TK,Rattus norvegicus ,,"Q60751,P24062",
Q9BUB5,hMKNK1,CAMK,Homo sapiens ,"MAP kinase signal-integrating kinase 1, MNK1, Mnk1a ","NP_003675, Q9BUB5, Q5TC06",
Q6ZN16,hMAP3K15,STE,Homo sapiens ,"FLJ16518, MAPK/ERK kinase kinase 15, MEK kinase 15, MEKK 15 , Mitogen-activated protein kinase kinase kinase 7 isoform B , TAK1, TAK1 , TGF beta activated kinase 1 , Transforming growth factor beta activated kinase 1 , bA723P2.3","SK681, Q5JPR4, Q6ZN16",
P16277,mBLK,TK,Mus musculus ,,P16277,
P90584,plPfmrk,CMGC,Plasmodium falciparum,,P90584,
P29597,hTYK2,TK,Homo sapiens ,"JTK1, Non receptor tyrosine protein kinase TYK2 , Protein tyrosine kinase 2 , TYK2","NP_003322, P29597",
P41241,mCSK,TK,Mus musculus ,,P41241,
P17612,hPKAa,AGC,Homo sapiens ,"A kinase alpha , EC 2.7.11.11, PKA C alpha , PKACA, PKACA , Protein kinase A catalytic subunit , cAMP-dependent protein kinase catalytic subunit alpha ","NP_002721, NP_997401, SK300, P17612, Q32P54",
P09217,rPKCz,AGC,Rattus norvegicus ,PRKCZ,P09217,
P11275,rCAMK2A,CAMK,Rattus norvegicus ,,P11275,
Q07912,hTNK2,TK,Homo sapiens ," ACK, ACK1, Activated Cdc42-associated kinase 1 , Activated P21CDC42HS kinase , EC 2.7.10.2, Tyrosine kinase, non-receptor, 2 activated p21cdc42Hs kinase, p21cdc42Hs","NP_001010938, NP_005772, SK009, Q07912, Q6ZMQ0",
Q9HCP0,hCSNK1G1,CK1,Homo sapiens ,CKI gamma 1,"NP_001011664, NP_071331, SK647, Q9HCP0, Q5JPH1, Q8IXA3",
Q7L7X3,hTAOK1,STE,Homo sapiens ," MAP3K16, FLJ14314, FLJ14314 protein , KIAA1361, KIAA1361 protein , Kinase from chickenhomolog B, MARKK, Microtubule affinity regulating kinase kinase , PSK2, STE20 like kinase , Serine/threonine protein kinase TAO1 homolog , Thousand and oneamino acid protein 1, hKFC-B","NP_065842, SK436, Q7L7X3",
Q02156,hPKCe,AGC,Homo sapiens ,"PRKCE, nPKC epsilon ","NP_005391, SK306, Q02156, Q32MQ3",
Q13164,hERK5,CMGC,Homo sapiens ,"BMK1, BMK1 kinase , ERK4 , ERK5, Extracellular signal regulated kinase 5 , PRKM7","NP_002740, NP_620602, NP_620603, SK408, Q13164, Q6QLU7, Q96G51",
Q9Y6M4,hCSNK1G3,CK1,Homo sapiens ,CKI gamma 3 ,"NP_001026982, NP_004375, Q9Y6M4",
O95382,hMAP3K6,STE,Homo sapiens ,"ASK2, MAPKKK6, Mitogen activated protein kinase kinase kinase 6 , RP11-4K3__A.7-001, RP11-4K3__A.7-002","NP_004663, SK503, O95382, Q32MQ5, Q59HF4, Q5SSD4, Q5SSD5, Q75PK3, Q96B75",
P53355,hDAPK1,CAMK,Homo sapiens ,"DAP kinase 1 , DAPK, RP11-65B23.2-001","NP_004929, SK103, P53355, Q59H88, Q5VTK1, Q68CP8",
P21803,mFGFR2,TK,Mus musculus ,,P21803,
P37023,hALK1,TKL,Homo sapiens ,"ACVRL1, ACVRLK1, ALK1, Activin A receptor, type II-like kinase 1, HHT, HHT2, ORW2, SKR3 ACVRL1 , Serine/threonine protein kinase receptor R3 , TGF B superfamily receptor type 1 , TSR 1 ","NP_000011, SK025, P37023",
P49761,hCLK3,CMGC,Homo sapiens ,"CDC-like kinase3, Dual specificity protein kinase CLK3, clk3","NP_003983, SK092, P49761, Q53Y48, Q59FC5",
Q8N752,hCSNK1A1L,CK1,Homo sapiens ,"CK1 , CKI-alpha-like , Casein kinase I alpha S-like , MGC33182","NP_660204, Q8N752",
P16056,mMET,TK,Mus musculus ,,P16056,
P54646,hPRKAA2,CAMK,Homo sapiens ,"AMPK alpha-2 chain, AMPK2 ","NP_006243, P54646",
O00418,hEEF2K,Other,Homo sapiens ,eEF-2 kinase,"O00418, Q8N588",
Q9H093,hNUAK2,CAMK,Homo sapiens ,"DKFZP434J037 , FLJ90349, SNARK, SNF1/AMP kinase-related kinase, SNF1/AMP-activated protein kinase , SNF1/AMPK-related protein kinase ","NP_112214, SK472, Q9H093",
Q15208,hSTK38,AGC,Homo sapiens ,"NDR, NDR protein kinase , Nuclear DBF2 related protein ","NP_009202, SK249, Q15208, Q503A1",
P17948,hVEGFR1,TK,Homo sapiens ,"FLT, FLT1, FMS related tyrosine kinase 1 , RP11-502P18.1-001, Tyrosine-protein kinase FRT, Tyrosine-proteinkinase receptor FLT, VEGFR1 , Vascular endothelial growth factor, Vascular permeability factor receptor, vascular permeability factor receptor","NP_002010, SK150, P17948, Q59GQ9, Q5TAR1",
P49841,hGSK3b,CMGC,Homo sapiens ,"GSK3 beta, GSK3B","SK163, P49841, Q6FI27",
Q05397,hFAK1,TK,Homo sapiens ,"EC 2.7.10.2, FADK, FAK, FAK1, Focal adhesion kinase 1 , PTK2, Protein tyrosine kinase 2 , pp125FAK ","NP_005598, NP_722560, SK138, Q05397, Q59GM6, Q59GN8, Q658W2, Q8IYN9, Q8N9D7",
Q9UBE8,hNLK,CMGC,Homo sapiens ,"EC 2.7.11.24, LAK1 protein , Serine/threonine kinase NLK , nemo like kinase ","NP_057315, SK255, Q9UBE8",
Q14012,hCAMK1,CAMK,Homo sapiens ,"CaM kinase I alpha, CaMKI, CaMKI-alpha, CaMkinase I","NP_003647, SK056, Q14012, Q3KPF6",
O95819,hMAP4K4,STE,Homo sapiens ,"EC 2.7.11.1, FLH21957 , FLJ20373 , HGK, HPK/GCK like kinase , HPK/GCK-like kinase HGK , Hematopoietic progenior kinase/Germinal center kinase like kinase , Hepatocyte progenitor kinase-like/germinal center kinase-like kinase , KIAA0687 , MAPK/ERK kinase kinase kinase 4 , MEK kinase kinase 4 , MEKKK 4 , NIK, Nck interacting kinase ","NP_004825, NP_663719, NP_663720, SK437, O95819",
P29322,hEPHA8,TK,Homo sapiens ,"EEK, EPH receptor A8 isoform 1 , Eph and Elk related kinase , Ephrin receptor EphA8 , Ephrin type A receptor 8 , Hek3, Hydroxyaryl protein kinase , KIAA1459 , Protein tyrosine kinase , Tyrosine protein kinase receptor EEK , Tyrosylprotein kinase ","NP_065387, SK126, P29322",
Q56UN5,hYSK4,STE,Homo sapiens ,"COT, COT proto-oncogene serine/threonine-protein kinase , Cancer Osaka thyroid oncogene , EST, ESTF, Ewing sarcoma transformant , FLJ23074, Oncogene COT , RCK, Regulated in COPD, protein kinase, TPL-2 , Tpl-2, c-COT, c-COT ","NP_001018056, NP_079328, SK573, Q56UN2, Q56UN4, Q56UN5",
Q64617,rPKCh,AGC,Rattus norvegicus ,PRKCH,Q64617,
P45985,hMKK4,STE,Homo sapiens ,"JNK-activating kinase 1, JNKK1, MAPK/ERK Kinase 4 , MAPKK4 , MEK4, MKK4, Mitogen activated protein kinase kinase 4 , PRKMK4, SAPK/ERK Kinase 1 , SEK1 , SERK1, c-JunN-terminal kinase kinase 1","NP_003001, SK239, P45985, Q5U0B8, Q6PIE6",
P51812,hRSK2,CAMK,Homo sapiens ,"HU-3, Insulin stimulated protein kinase 1 , MAPKAPK1B, MAPkinase-activated protein kinase 1b, MRX19, RPS6KA3, RSK, RSK2, Ribosomal S6 kinase 2 , Ribosomal protein S6 kinase 3 , Ribosomal protein S6 kinase, 90-KD, 3, S6K alpha 3 , p90 RSK 3 ","NP_004577, SK337, P51812, Q4VAP3, Q59H26, Q5JPK8, Q7Z3Z7",
P53667,hLIMK1,TKL,Homo sapiens ,"EC 2.7.11.1, LIM kinase , LIM motif containing protein kinase , LIMK","NP_002305, Q75MU3",
O15197,hEPHB6,TK,Homo sapiens ,"HEP, Tyrosine-protein kinase-defectivereceptor EPH-6","NP_004436, SK132, O15197",
P06494,rERBB2,TK,Rattus norvegicus ,,P06494,
P28482,hERK2,CMGC,Homo sapiens ,"ERK, ERK2, ERT1 , Extracellular signal regulated kinase 2 , MAP kinase 2 , MAPK2, Mitogen activated protein kinase 2 , PRKM1, PRKM2, Protein kinase, mitogen activated, 1, Protein kinase, mitogen activated, 2, Protein tyrosine kinase ERK2 , p38, p40 , p41 , p41mapk, p42MAPK ","NP_002736, NP_620407, SK135, P28482",
O15146,hMUSK,TK,Homo sapiens ,"Muscle,skeletal receptor tyrosine kinase, Muscle-specific kinase receptor, Muscle-specific tyrosine protein kinase receptor, RP11-104M22.1-001, RP11-104M22.1-002, Receptor tyrosine kinase MuSK ","NP_005583, SK247, O15146, Q32MJ8, Q32MJ9, Q5VZW7, Q5VZW8",
Q16584,hMAP3K11,TKL,Homo sapiens ,"MLK3, Mixed lineage protein kinase 3 , PTK1, SPRK","NP_002410, SK356, Q16584, Q53H00",
P51813,hBMX,TK,Homo sapiens ,"BMX non-receptor tyrosine kinase , Bone marrow kinase , Bone marrow kinase, X-linked, Cytoplasmic tyrosine-protein kinase , ETK, Epithelial and endothelial tyrosine kinase , NTK38 , PSCTK2 , PSCTK3, Protein tyrosine kinase BMX ","NP_001712, NP_975010, SK417, P51813",
O43781,hDYRK3,CMGC,Homo sapiens ,"Dual-specificity tyrosine-(Y)-phosphorylation regulated kinase 3, Dual-specificity tyrosine-(Y)-phosphorylation regulated kinase 5, Dual-specificity tyrosine-phosphorylation regulated kinase 3 long isoform , RED , REDK , RP11-343H5.2-001, RP11-343H5.2-004, Regulatory erythroid kinase ","NP_001004023, NP_003573, SK488, Q9HBY6, Q9HBY7",
O15075,hDCAMKL1,CAMK,Homo sapiens ,"DCLK, Doublecortin-like and CAM kinase-like 1, KIAA0369, RP11-113P14.1-006 , RP11-113P14.1-010, RP11-113P14.1-011","NP_004725, SK063, O15075, Q5VZY8, Q5VZZ0_HUMAN_1, Q5VZZ1",
O95835,hLATS1,AGC,Homo sapiens ,"Large tumorsuppressor homolog 1, WARTS, WARTS protein kinase, Wts , h-warts","NP_004681, SK441, O95835",
Q9Y2U5,hMAP3K2,STE,Homo sapiens ,"MAPK/ERK kinase kinase 2 , MAPKKK2 , MEK kinase 2 , MEKK2, MEKK2B ","Q53QL9_HUMAN_1, Q59GZ6_HUMAN_1",
Q8N568,hDCAMKL2,CAMK,Homo sapiens ,"DCDC3, Doublecortin-like and CAM kinase-like 2, MGC45428","NP_689832, SK527, Q8N568, Q4W5L5, Q59GC8",
O75582,hMSK1,AGC,Homo sapiens ,"90 kDa ribosomal protein S6 kinase 590 kDa ribosomal protein S6 kinase 5 , EC 2.7.11.1, MGC1911 , MSK1, MSPK1 , Mitogen and stress activated protein kinase 1 , Nuclear mitogen-and stress-activated protein kinase 1, RLPK, RLSK , RPS6KA5, RSK-like protein kinase , Ribosomal protein S6 kinase, 90kDa, polypeptide 5","NP_004746, NP_872198, SK242, O75582",
Q96PF2,hTSSK2,CAMK,Homo sapiens ,"DGS-G , DiGeorge syndrome protein G , FLJ38613, SPOGA2, STK22B, Serine/threonine-protein kinase22B, TSK-2 , Testis-specific kinase 2 , Testis-specific serine kinase 2 ","NP_443732, Q96PF2",
P08581,hMET,TK,Homo sapiens ,"HGFR, Oncogene MET , RCCP2","NP_000236, Q59EB3",
Q02111,mPKCt,AGC,Mus musculus ,,Q02111,
P29376,hLTK,TK,Homo sapiens ,"EC 2.7.10.1, Leukocyte tyrosine kinase , Leukocyte tyrosine kinase receptor , Proteintyrosine kinase 1, TYK1","NP_002335, NP_996844, SK209, P29376",
P17252,hPKCa,AGC,Homo sapiens ,"EC 2.7.11.13, PKC-alpha, PKCA, PRKCA","NP_002728, SK3003, P17252, Q32M72",
P15208,mINSR,TK,Mus musculus ,,P15208,
Q13464,hROCK1,AGC,Homo sapiens ,"NY-REN-35antigen, ROK alpha , Rho associated coiled coil containing protein kinase 1 , Rho kinase , RhoA binding kinase , p160ROCK","NP_005397, SK331, Q13464",
Q9NY57,hSTK32B,AGC,Homo sapiens ,"Gene for serine/threonine protein kinase , HSA250839 , STK32, STKG6, YANK2","NP_060871, SK481, Q9NY57",
Q14289,hFAK2,TK,Homo sapiens ,"CADTK, CAK beta , CAKB, Calcium-dependent tyrosine kinase , Cell adhesion kinase beta , EC 2.7.10.2, FADK2 , FAK2, Focal adhesion kinase 2 , PKB , PTK, PTK2B, PYK2, Proline-rich tyrosine kinase 2 , Protein kinase B , Protein tyrosine kinase 2 beta , RAFTK, Related adhesion focal tyrosine kinase ","NP_004094, NP_775266, NP_775267, NP_775268, SK424, Q14289, Q59GM4_HUMAN_1, Q6PID4, Q6ZRA8",
P49185,rJNK1,CMGC,Rattus norvegicus ,,P49185,
Q13188,hSTK3,STE,Homo sapiens ,"KRS1, Kinase responsive to stress 1 , MST2, Mammalian STE20 like protein kinase 2 , STE20 like kinase MST2 , Serine/threonine protein kinase Krs1 ","NP_006272, SK245, Q13188",
Q08345,hDDR1,TK,Homo sapiens ,"CAK, CD167, CD167a antigen , Cell adhesion kinase, DDR , Discoidin receptor tyrosine kinase, EDDR1, Epithelial discoidin domain receptor 1, HGK2, NEP, NTRK4, PTK3 , PTK3A, Protein-tyrosine kinase RTK 6, RTK6, Receptor tyrosine kinase , Tyrosine kinase DDR, Tyrosine-protein kinase CAK, trkE ","NP_001945, SK400, Q08345, Q4LE50, Q5ST11, Q5ST12",
Q96KB5,hPBK,Other,Homo sapiens ,"FLJ14385, MAPKK like protein kinase , Nori-3, SPK, Spermatogenesis related protein kinase , T lymphokine activated killer cell originated protein kinase , T-LAK cell originated protein kinase , TOPK","NP_060962, SK529",
P25098,hADRBK1,AGC,Homo sapiens ,"Adrenergic, beta, receptor kinase 1, BARK , BARK1, BETA ARK1 , Beta adrenergic receptor kinase1 , GRK2","NP_001610, SK045, P25098",
P09216,rPKCe,AGC,Rattus norvegicus ,PRKCE,P09216,
P10721,hKIT,TK,Homo sapiens ,"C-Kit, CD117, CD117 antigen, CD117 antigen , KIT oncogene Mast cell growth factor receptor , PBT, Proto-oncogene tyrosine-protein kinase Kit, SCFR, Stem cell factor receptor ","NP_000213, SK201, P10721, Q99662",
Q00535,hCDK5,CMGC,Homo sapiens ,"7q36, Cell division kinase 5 , PSSALRE, Serine/threonine protein kinase PSSALRE , TPKII catalytic subunit , Tau protein kinase II catalytic subunit , cyclin-dependent kinase 5","NP_004926, SK070, Q00535",
P29323,hEPHB2,TK,Homo sapiens ,"DRT, Developmentally regulated eph related tyrosine kinase , EPH receptor B2 , EPH tyrosine kinase 3 , EPHB2 variant protein, EPHT3, ERK, Elk related tyrosine kinase , Ephrin receptor EphB2 , Hek5, MGC87492 , NY-REN-47 antigen, RP1-74M1.1-004, Receptor protein-tyrosine kinase HEK5, Tyro5, Tyrosine-protein kinase receptor , Tyrosine-proteinkinase receptor EPH-3","NP_004433, NP_059145, SK128, P29323, Q4LE53, Q5TFU3",
Q86UX6,hSTK32C,AGC,Homo sapiens ,"MGC23665, PKE,"", RP11-140A10.1, YANK3","NP_775846, SK469, Q5T0Q4_HUMAN_1, Q86UX6",
P51955,hNEK2,Other,Homo sapiens ,"HsPK 21, NIMA related kinase 2 , NLK1, NimA-like protein kinase 1, NimA-relatedprotein kinase 2, Nima-like protein kinase 1 , Serine/Threonine-protein kinase Nek2 ","NP_002488, SK251, P51955",
Q15746,hMYLK,CAMK,Homo sapiens ,"EC 2.7.11.18, FLJ12216 , KRP , Kinase related protein , MLCK, MLCK108 , MLCK210 , Myosin light chain kinase , Myosin light polypeptide kinase , Telokin ","NP_005956, NP_444253, NP_444254, NP_444258, SK231, Q15746, Q7Z4J0, Q9C0L5",
P45983,hJNK1,CMGC,Homo sapiens ,"EC 2.7.11.24, JNK, JNK-46 , JNK1, JNK1 alpha protein kinase , JNK1 beta protein kinase , JNK1A2 , JNK21B1/2 , MAPK8, PRKM8, Protein kinase JNK1 , SAPK1, Stress activated protein kinase , c-Jun N-terminal kinase 1 , c-Jun kinase 1 ","NP_002741, NP_620637, SK188, P45983",
O14976,hGAK,Other,Homo sapiens ,Auxilin2,"NP_005246, SK155, O14976",
Q02763,hTIE2,TK,Homo sapiens ," TIE-2,  VMCM1, Angiopoietin 1 receptor , CD202b, CD202b antigen , HPK 6 , Protein receptor tyrosine kinase, epithelial specific, TIE 2, RP11-57P14.1-002, TEK tyrosine kinase, endothelial, TIE2, Tunica interna endothelial cell kinase , VMCM, Venous malformations, multiple cutaneous and mucosal, venous malformations, multiple cutaneous and mucosal""","NP_000450, SK367, Q02763, Q59HG2, Q5TCU2",
Q86YV6,hSgK085,CAMK,Homo sapiens ,RP11-145H9.1-001,"NP_001012418, SK709, Q5TAW2",
Q9NWZ3,hIRAK4,TKL,Homo sapiens ,"Interleukin-1 receptor associated kinase-4 , Interleukin-1 receptor-associated kinase 4 short form variant 1, Interleukin-1 receptor-associated kinase 4 short form variant 3, Interleukin-1 receptor-associated kinase 4 short form variant 4, NY-REN-64, REN64 ","Q9NWZ3, Q69FE1, Q69FE3",
Q15375,hEPHA7,TK,Homo sapiens ,"EC 2.7.10.1, EHK3 , Eph homology kinase 3 , Ephrin receptor A7 , Hek11, Receptor protein-tyrosine kinase HEK11, Tyrosine protein kinase receptor EHK 3 ","NP_004431, SK416, Q15375",
Q13873,hBMPR2,TKL,Homo sapiens ,"BMPR-II, BMPR3, BMR2 , BRK-3, PPH1 , T-ALK","NP_001195, SK365, Q13873, Q13161",
P22607,hFGFR3,TK,Homo sapiens ,"ACH, CD333, CEK2, HSFGFR3EX , Human tyrosine kinase JTK4 , Hydroxyaryl-protein kinase , JTK4","NP_000133, NP_075254, SK145, P22607, Q8NI15, Q8NI16",
Q9BQI3,hHRI,Other,Homo sapiens ,"EIF2AK1, HCR , HRI, Heme sensitive initiation factor 2a kinase , Heme-controlled repressor , Heme-regulated eIF2alpha kinase , Heme-regulated eukaryotic initiation factor eIF-2-alpha kinase , Heme-regulated inhibitor , Heme-regulated initiation factor 2-alpha kinase , Hemin-sensitive initiation factor-2 alpha kinase , KIAA1369, PRO1362 ","NP_055228, Q9BQI3, Q549K6",
P05696,rPKCa,AGC,Rattus norvegicus ,PRKCA,P05696,
Q16512,hPKN1,AGC,Homo sapiens ,"DBK, MGC46204, PAK1, PKN, PRK1, PRKCL1, Protein kinase C like 1 , Protein kinase C related kinase 1 , Protein kinase C-likePKN, Protein kinase N1 isoform 2 , Protein kinase PKN-alpha","NP_002732, NP_998725, SK317, Q16512, Q8IUV5",
P05622,mPDGFRb,TK,Mus musculus ,PDGFRB,P05622,
P42685,hFRK,TK,Homo sapiens ,"GTK, Nuclear tyrosine proteinkinase RAK, PTK5, PTK5 protein tyrosine kinase 5 , RAK, RP11-702N8.1-001, Tyrosine protein kinase FRK ","NP_002022, SK419, P42685, Q9NTR5",
Q09013,hDMPK,AGC,Homo sapiens ,"DM, DM kinase , DM protein kinase , DMK , MTPK , Myotonin protein kinase ","NP_004400, SK111, Q09013, Q59FU6, Q6P5Z6",
P18266,rGSK3b,CMGC,Rattus norvegicus ,GSK3B,P18266,
Q8IU85,hCAMK1D,CAMK,Homo sapiens ,"CKLIK , CKLiK, CaM kinase I delta , CaM kinase ID , CaM-K1 , CaMKI-delta , Calcium/calmodulin-dependent protein kinase ID , Calcium/calmodulin-dependent protein kinase type 1D , CamKI-like protein kinase, EC 2.7.11.17, OTTHUMP00000045030 , RP11-462F15.1-002","NP_065130, NP_705718, SK572, Q8IU85, Q5SQQ7",
Q9UM73,hALK,TK,Homo sapiens ,"ALK tyrosine kinase receptor , Anaplastic lymphoma kinase , Anaplastic lymphoma kinase Ki 1 , Anaplastic lymphoma kinase receptor , CD246, CD246 antigen , TFG/ALK fusion","NP_004295, SK024, Q9UM73, Q53RZ4, Q59FI3, Q8TDJ5",
P54764,hEPHA4,TK,Homo sapiens ,"Ephrin receptor A4 , Hek8, Receptor protein-tyrosine kinase HEK8, SEK , TYRO1, Tyrosine-proteinkinase receptor SEK","NP_004429, SK124, P54764, Q53TA0, Q58F15",
Q14680,hMELK,CAMK,Homo sapiens ,"HPK38 , Human protein kinase 38 , KIAA0175, RP11-8N6.1-001, pEg3 kinase ","NP_055606, SK298, Q14680, Q53GX0, Q5T263",
Q9NRP7,hSTK36,Other,Homo sapiens ,"FU, Fused homolog, KIAA1278","SK199, Q9NRP7",
P16092,mFGFR1,TK,Mus musculus ,,P16092,
P35918,mVEGFR2,TK,Mus musculus ,,P35918,
Q4JIM5,mABL2,TK,Mus musculus ,,"Q4JIM5, XP_136360.3",
P36897,hTGFbR1,TKL,Homo sapiens ,"ACVRLK4, ALK-5, Activin A receptor type II-like kinase 53kD , Activin receptor like kinase 5 , RP11-96L7.1-001, SKR4 , Serine-threonine protein kinase receptor R4 , TGF beta receptor 1 , TGF-beta type I recepTGF-beta type I receptor , TGFBR1, TGFR-1 ","NP_004603, SK029, P36897, Q5T7S2, Q6IR47",
Q05513,hPKCz,AGC,Homo sapiens ,"OTTHUMP00000044160 , PKC Zeta , PKC2, PKCZ , PRKCZ","NP_001028753, NP_001028754, NP_002735, SK311, Q05513",
P31750,mAKT1,AGC,Mus musculus ,,P31750,
P54756,hEPHA5,TK,Homo sapiens ,"CEK7, DKFZp686C0686, EHK-1 , EHK1, EPH homology kinase 1, Ephrin receptor A5 , Hek7, Receptor protein-tyrosine kinase HEK7, TYRO4, Tyrosine-protein kinase receptor , Tyrosine-proteinkinase receptor EHK-1","NP_004430, NP_872272, SK125, P54756, Q59FT4",
Q03142,mFGFR4,TK,Mus musculus ,,Q03142,
P43403,hZAP70,TK,Homo sapiens ,"70 kDa zeta associated protein , EC 2.7.10.2, Hypothetical protein ZAP70 , SRK, STD, Syk-related tyrosine kinase , TZK , Truncated ZAP kinase , ZAP-70, Zeta-chain (TCR) associated protein kinase (70 kD) ","NP_001070, NP_997402, SK397, P43403, Q6PIA4, Q8IXD6",
Q16288,hNTRK3,TK,Homo sapiens ,"GP145-TrkC, NT3 growth factor receptor , Neurotrophic tyrosine kinase recetor, type 3, TRKC, TrkC tyrosine kinase","NP_001012338, Q16288, O75682",
P00521,mlvABL1,TK,Mus musculus ,,P00521,
